Percentual de nascidos vivos de residentes do sexo feminino que fizeram mais de 6 consultas de pré-natal - Municípios da UF: Minas Gerais;;;;;;;;;;;;;;;;;;;;
Abrangências geográficas;2000;2001;2002;2003;2004;2005;2006;2007;2008;2009;2010;2011;2012;2013;2014;2015;2016;2017;2018;2019
Abadia dos Dourados;88,9;97,4;87,8;92,4;96,7;91,6;86,2;83,8;79,5;86,2;93,1;87,0;76,5;82,5;83,1;77,4;79,7;86,5;78,1;82,1
Abaeté;33,4;52,5;60,3;61,0;77,6;53,3;59,9;59,4;72,1;73,0;74,1;73,7;71,4;75,0;74,2;71,4;73,7;82,8;82,1;84,0
Abre Campo;22,6;26,2;41,4;39,4;33,5;27,0;38,1;34,0;39,7;28,5;63,9;70,5;68,9;69,9;82,9;83,8;83,3;74,8;79,8;84,6
Acaiaca;63,2;42,6;44,1;73,5;51,0;54,2;64,6;58,1;71,1;68,6;77,1;67,3;89,4;78,9;86,8;84,2;56,1;77,8;90,7;78,8
Açucena;17,5;25,4;32,6;36,4;30,0;13,6;20,6;22,5;36,3;48,5;43,1;76,1;76,3;68,2;78,1;87,8;82,6;75,2;74,3;83,9
Água Boa;14,0;5,4;14,9;10,8;14,9;14,6;18,3;13,7;17,0;21,4;32,8;26,8;38,0;30,6;36,0;55,3;57,9;56,3;65,8;65,2
Água Comprida;34,8;68,8;65,2;57,7;66,7;50,0;**;72,2;80,0;52,9;46,2;57,7;69,6;50,0;76,2;76,0;87,5;70,0;65,5;84,2
Aguanil;47,4;46,9;34,3;18,8;50,0;46,5;35,5;60,0;46,2;37,5;37,5;32,4;80,0;72,5;84,9;68,6;80,0;88,6;85,5;87,5
Águas Formosas;22,8;22,1;30,6;35,3;32,9;26,4;22,6;21,5;26,0;38,7;58,3;62,6;57,5;71,6;77,1;81,3;81,9;76,0;84,0;85,7
Águas Vermelhas;22,6;10,6;18,1;19,5;19,0;24,4;41,3;41,3;57,1;75,0;50,0;74,1;73,8;65,2;73,5;76,6;79,4;76,9;78,2;83,4
Aimorés;42,0;38,3;34,1;41,6;44,4;38,6;50,7;50,8;49,7;55,6;56,8;64,7;70,6;70,8;70,6;77,4;72,8;74,5;80,9;75,9
Aiuruoca;19,8;17,7;35,6;30,6;23,9;21,1;55,4;62,3;83,3;85,7;86,4;78,2;70,4;72,9;81,4;63,6;71,1;67,9;62,2;59,6
Alagoa;67,6;62,2;61,5;70,0;75,9;52,8;51,4;89,3;82,6;87,2;87,0;73,7;84,6;90,5;89,3;84,2;61,1;75,0;87,1;100,0
Albertina;57,6;50,0;**;**;60,0;60,7;66,7;64,0;66,7;83,3;72,0;68,2;72,2;88,9;95,5;83,3;83,9;91,3;74,1;88,9
Além Paraíba;42,2;37,0;40,6;28,2;28,2;16,9;23,2;28,8;33,5;31,1;24,7;39,9;64,3;68,6;67,5;67,6;64,7;69,8;69,6;75,3
Alfenas;64,2;68,0;75,2;74,9;71,4;66,3;64,4;64,7;67,3;71,4;70,4;73,9;72,2;73,2;72,2;74,3;75,6;72,0;77,9;77,3
Alfredo Vasconcelos;69,9;71,2;78,4;69,9;61,3;61,3;75,9;55,1;58,6;53,1;51,9;64,9;63,3;62,8;58,3;81,0;77,2;69,4;76,9;83,1
Almenara;14,5;19,6;12,2;14,2;12,5;11,3;19,1;29,6;27,3;34,2;37,6;54,2;59,6;50,8;66,2;66,9;62,4;66,8;69,1;69,4
Alpercata;35,5;31,4;43,9;34,9;34,3;32,3;39,0;24,2;35,1;41,2;36,7;46,8;42,9;48,9;72,5;62,0;66,3;64,1;57,6;74,5
Alpinópolis;29,4;28,7;48,4;53,4;62,9;61,8;74,5;78,6;73,0;77,5;86,5;89,7;89,2;89,8;86,3;87,7;81,7;88,6;90,3;89,9
Alterosa;51,7;51,1;51,2;51,5;68,6;66,5;67,0;81,9;77,8;62,8;78,6;90,6;95,8;91,2;92,4;91,6;87,9;89,2;92,1;92,5
Alto Caparaó;66,3;39,8;29,4;58,0;56,3;42,3;39,4;50,0;82,8;57,3;73,2;72,5;62,0;50,0;72,1;72,0;82,2;81,8;82,0;69,5
Alto Rio Doce;46,2;32,7;50,3;42,0;53,4;46,7;52,8;46,4;41,4;38,1;51,6;53,8;63,0;67,7;73,5;62,4;44,9;54,1;71,6;69,8
Alvarenga;25,0;21,0;26,2;17,6;17,9;48,3;38,7;53,2;44,7;66,2;71,4;78,0;90,0;75,0;85,4;85,2;86,5;92,2;84,2;80,3
Alvinópolis;27,1;15,6;14,5;29,2;28,8;23,8;24,6;41,7;48,5;39,0;65,7;61,4;60,1;72,3;74,5;68,3;67,1;79,5;83,9;80,3
Alvorada de Minas;14,3;20,6;15,5;18,2;13,1;15,9;20,0;28,0;29,6;36,8;30,2;42,6;45,3;56,9;77,6;66,7;87,3;81,4;91,1;86,0
Amparo do Serra;69,2;55,8;42,7;63,8;45,9;48,1;67,8;56,6;57,7;74,5;79,5;73,5;75,0;72,7;74,5;74,4;80,0;73,8;70,0;80,0
Andradas;72,3;77,2;78,5;79,0;79,6;85,3;84,0;82,1;87,4;86,5;83,9;89,0;88,6;86,6;86,7;90,0;90,5;91,9;89,5;85,9
Cachoeira de Pajeú;11,4;18,0;20,7;27,2;26,8;15,2;30,4;31,3;37,6;34,4;52,4;55,9;55,4;68,0;74,7;84,7;87,6;80,8;79,8;83,3
Andrelândia;47,4;46,5;57,3;55,7;72,3;72,1;81,1;81,9;90,9;84,0;96,2;92,9;92,2;90,2;87,5;87,7;88,6;90,1;87,3;92,6
Angelândia;0,0;11,9;16,7;29,9;31,7;26,5;37,1;46,3;56,0;52,6;63,3;76,6;81,3;79,7;82,9;76,8;76,0;88,3;78,2;87,8
Antônio Carlos;62,2;58,1;53,2;60,1;60,9;58,1;67,1;63,2;54,2;41,9;60,5;82,7;73,1;81,3;74,3;77,4;62,5;65,4;63,3;69,3
Antônio Dias;23,7;25,6;20,6;25,2;33,3;35,7;32,8;42,6;46,6;59,1;55,8;54,7;49,4;49,1;56,4;61,5;62,9;52,6;63,0;74,3
Antônio Prado de Minas;**;**;70,0;93,3;70,0;83,3;65,0;55,0;53,3;**;78,6;93,8;81,8;60,0;88,9;71,4;80,0;66,7;83,3;80,0
Araçaí;26,8;36,0;40,6;22,5;37,5;26,7;40,0;28,6;39,1;50,0;39,3;37,5;66,7;78,6;65,0;64,0;55,0;70,0;54,2;75,0
Aracitaba;71,4;69,0;62,5;57,9;66,7;73,3;72,7;57,9;62,5;65,0;66,7;76,9;91,7;92,9;86,7;68,8;100,0;88,9;80,0;91,7
Araçuaí;20,0;9,0;14,5;24,7;22,8;28,7;43,6;47,1;48,9;44,9;53,3;53,9;55,2;55,0;66,4;72,6;75,1;74,7;74,2;74,1
Araguari;82,8;85,1;82,5;78,4;86,7;83,5;68,7;74,2;78,5;79,6;78,4;78,7;75,8;80,0;80,3;79,9;81,1;83,7;82,4;83,5
Arantina;51,2;56,5;63,2;71,1;71,9;61,8;75,7;72,4;80,8;78,4;94,6;95,8;87,5;80,0;76,2;82,5;71,4;78,9;82,1;91,3
Araponga;42,3;28,4;41,1;44,0;37,0;37,4;30,0;48,6;40,9;48,6;74,3;65,8;79,6;73,0;85,4;86,6;80,4;77,4;85,3;67,0
Araporã;85,9;80,8;76,8;66,3;43,8;43,6;39,0;62,6;77,0;73,4;73,8;68,2;66,1;67,0;74,0;81,5;88,4;66,4;73,8;72,1
Arapuá;35,0;60,0;60,6;58,3;46,2;72,0;65,5;63,3;86,2;63,0;90,0;62,5;82,6;69,2;59,1;100,0;57,1;52,9;70,6;80,0
Araújos;22,7;38,5;60,5;60,9;60,5;63,7;61,3;49,3;60,2;67,0;72,2;77,6;70,1;78,4;76,7;76,4;77,5;86,2;76,9;82,4
Araxá;62,1;66,0;59,0;59,7;66,8;63,1;67,9;69,1;75,7;73,4;72,4;67,9;72,3;71,9;74,3;78,7;79,3;77,7;77,1;80,6
Arceburgo;48,7;53,6;60,0;62,0;76,9;69,7;81,0;75,5;70,8;83,2;87,3;89,4;86,0;85,3;92,0;87,5;85,5;90,3;84,7;91,9
Arcos;27,3;21,9;24,5;39,4;42,3;53,1;56,5;58,1;62,8;73,9;79,6;79,6;84,0;72,7;76,6;76,9;83,4;83,7;75,8;79,3
Areado;74,9;79,5;80,2;88,3;77,2;77,7;82,6;80,9;75,3;78,1;71,0;71,0;73,0;69,3;73,6;73,6;64,2;67,1;71,8;75,7
Argirita;100,0;75,8;54,8;67,9;68,8;58,1;77,4;87,1;93,1;87,5;54,5;78,1;57,6;90,0;77,4;57,1;70,0;75,0;53,6;64,7
Aricanduva;**;13,4;15,0;15,2;21,6;26,8;26,4;34,3;28,4;42,3;62,3;70,0;65,2;69,8;76,7;83,8;77,4;91,9;94,5;88,7
Arinos;16,4;22,1;14,9;15,1;16,3;23,7;23,2;35,3;45,4;57,2;65,7;68,9;67,7;59,9;73,7;74,4;73,5;70,8;70,5;75,8
Astolfo Dutra;74,6;77,2;54,7;45,4;57,9;73,6;91,1;76,1;68,6;57,5;78,1;71,3;74,3;68,4;77,6;68,0;69,5;77,2;74,8;72,9
Ataléia;16,9;19,0;23,5;23,0;24,6;14,9;18,2;30,4;38,0;44,5;58,2;63,6;68,9;60,9;62,9;75,0;64,7;66,7;70,5;72,6
Augusto de Lima;61,8;62,9;58,3;53,8;45,6;54,8;67,2;72,4;76,1;71,9;75,0;74,0;67,2;78,7;74,2;73,6;68,6;57,9;79,2;84,8
Baependi;53,5;56,9;66,0;69,4;64,8;70,5;78,2;74,3;84,7;77,0;78,5;83,7;87,6;95,7;89,2;96,4;88,1;88,4;80,8;81,1
Baldim;21,8;19,6;23,1;25,3;30,3;32,7;26,5;37,4;45,1;40,2;60,0;53,1;62,8;61,5;82,1;68,6;70,5;61,3;58,3;66,2
Bambuí;67,4;63,1;67,3;60,0;52,5;61,2;58,2;57,3;66,1;65,5;92,7;76,7;79,9;82,3;87,3;90,6;88,2;80,3;82,7;83,3
Bandeira;25,6;12,1;8,8;8,9;25,0;18,9;17,5;43,9;43,2;48,9;73,3;82,4;91,9;68,2;72,0;81,8;76,9;91,9;87,2;82,1
Bandeira do Sul;58,2;68,5;69,8;75,5;68,9;72,7;55,6;79,3;61,4;61,8;74,2;72,1;72,2;67,9;73,3;88,9;73,5;86,8;88,6;90,4
Barão de Cocais;77,9;92,0;73,1;18,3;10,6;15,3;57,0;79,7;78,3;74,2;79,6;81,7;78,2;76,4;78,6;79,9;80,6;81,7;85,0;83,5
Barão de Monte Alto;41,5;69,1;71,4;61,5;71,6;61,5;43,3;54,4;57,5;47,4;86,0;91,4;97,0;46,7;63,0;91,7;73,9;71,8;65,3;79,5
Barbacena;72,6;72,5;73,1;71,1;66,8;63,0;63,2;61,6;53,9;45,0;55,9;62,7;59,8;62,2;62,5;63,6;63,2;68,7;69,7;72,1
Barra Longa;45,1;14,6;29,7;40,3;41,4;31,5;37,7;32,0;36,1;43,6;69,5;65,5;55,4;62,2;66,7;86,1;78,9;61,5;74,4;85,7
Barroso;49,5;49,3;60,6;67,8;82,7;78,3;81,7;77,1;81,5;86,3;84,2;81,5;71,7;77,2;71,0;71,8;82,5;81,5;87,0;92,6
Bela Vista de Minas;45,5;42,3;57,2;65,1;51,7;61,3;54,0;57,6;55,3;52,0;54,8;66,7;67,5;71,8;66,9;80,0;81,8;84,9;82,7;81,8
Belmiro Braga;46,2;37,8;30,3;36,4;51,3;46,9;60,5;55,3;67,7;67,6;78,4;62,5;69,0;55,9;64,7;83,9;85,2;70,0;76,5;57,9
Belo Horizonte;51,6;56,1;61,4;64,1;68,5;70,1;69,7;70,8;73,3;74,6;74,2;74,1;74,6;75,0;76,7;77,2;78,2;79,9;79,3;80,7
Belo Oriente;31,8;30,1;40,4;41,8;37,8;24,8;39,9;43,5;38,3;40,5;51,0;65,8;58,3;54,3;63,8;56,2;64,6;64,1;70,7;73,9
Belo Vale;71,4;67,9;64,8;88,0;88,8;88,0;97,7;82,4;91,2;88,8;92,3;78,4;88,9;86,2;85,6;91,3;87,6;86,2;83,3;89,2
Berilo;**;**;34,6;54,1;94,8;82,9;75,8;88,0;87,7;82,4;62,5;55,5;56,9;54,2;70,9;86,5;74,1;66,7;63,6;75,8
Bertópolis;27,1;25,0;26,7;27,1;20,0;21,1;18,3;11,1;15,7;19,6;54,1;70,0;58,2;39,3;55,2;63,4;64,4;63,9;61,3;60,5
Berizal;**;6,6;12,7;22,1;34,9;16,4;28,4;34,6;41,9;30,2;54,8;49,4;72,7;54,2;75,0;83,9;88,6;87,5;88,9;89,1
Betim;45,7;48,8;54,6;58,2;63,9;71,1;70,4;71,9;72,9;73,7;76,4;75,2;74,7;72,8;74,9;74,1;75,0;74,9;75,7;77,6
Bias Fortes;63,0;44,2;34,1;42,9;48,9;49,1;46,2;76,0;52,6;41,2;84,4;68,6;59,5;75,0;77,8;70,8;62,5;76,9;82,6;72,7
Bicas;78,1;40,6;81,1;78,6;72,7;83,7;68,3;62,6;66,7;72,8;87,7;79,4;87,6;79,6;73,2;56,1;68,1;74,1;78,4;81,8
Biquinhas;35,7;59,3;68,8;44,4;57,1;73,9;57,9;73,1;84,2;57,1;90,5;71,4;82,1;80,0;85,7;70,8;82,6;88,9;75,0;92,3
Boa Esperança;20,4;52,8;52,3;52,4;54,9;54,2;62,2;73,6;70,6;73,9;76,5;78,5;81,1;83,3;78,2;83,2;84,8;84,6;85,8;87,5
Bocaina de Minas;40,0;37,5;35,9;55,2;51,9;42,4;43,3;55,2;68,2;73,9;76,5;65,4;67,5;72,0;63,6;74,4;61,8;76,9;65,1;66,7
Bocaiúva;32,3;27,0;29,3;36,7;35,3;38,7;49,5;59,2;58,5;46,8;50,1;58,7;57,2;56,2;61,1;64,0;66,5;71,5;76,9;78,5
Bom Despacho;20,0;23,9;49,8;52,8;66,2;60,3;72,8;69,4;75,6;74,7;86,7;80,9;80,4;76,0;75,3;77,3;75,1;77,0;72,1;77,5
Bom Jardim de Minas;58,0;57,4;52,2;70,4;72,3;69,3;70,7;66,3;77,6;67,1;80,6;89,3;84,0;68,1;69,0;69,6;76,8;81,2;85,2;87,5
Bom Jesus da Penha;50,0;54,0;45,7;55,8;51,1;65,5;84,8;92,9;84,0;86,7;88,6;100,0;93,7;94,4;97,8;97,7;80,0;89,2;90,6;94,0
Bom Jesus do Amparo;16,7;38,0;42,3;38,3;44,3;70,2;75,4;57,1;70,7;61,8;68,1;80,7;83,6;58,9;58,9;61,5;70,7;82,4;83,5;82,4
Bom Jesus do Galho;34,9;27,0;31,4;48,9;46,1;41,9;52,2;36,9;37,5;40,0;47,7;66,0;61,4;67,1;65,0;65,1;69,1;65,8;61,4;73,2
Bom Repouso;21,0;36,6;25,8;37,7;69,2;57,4;70,2;79,5;73,6;80,0;75,3;76,1;76,7;79,8;75,9;74,3;78,7;82,1;76,7;85,9
Bom Sucesso;34,7;42,0;38,4;61,2;63,6;68,7;71,5;72,3;77,2;74,5;78,7;82,8;77,4;72,5;77,3;72,5;63,7;67,0;71,4;76,8
Bonfim;32,8;31,4;44,4;65,9;73,1;77,2;72,5;74,5;67,3;65,2;81,8;89,1;73,2;80,0;69,8;70,8;87,0;80,4;75,0;85,7
Bonfinópolis de Minas;**;25,6;34,6;30,9;19,4;34,5;42,7;36,3;61,1;53,1;57,4;52,5;63,2;61,8;64,9;63,8;66,7;72,6;53,1;77,3
Bonito de Minas;4,4;7,0;28,2;12,6;11,9;15,4;35,6;20,0;22,1;29,7;42,0;58,9;54,9;59,6;66,1;65,3;66,9;61,2;67,2;64,3
Borda da Mata;88,7;89,7;84,0;91,4;94,1;93,2;95,0;86,2;78,2;84,1;90,7;90,7;79,8;82,2;70,9;70,4;67,9;74,9;80,0;79,7
Botelhos;49,1;62,4;65,3;73,0;69,7;74,0;72,7;65,6;70,7;65,0;68,8;61,9;58,3;52,9;67,2;71,2;74,8;63,5;61,1;65,9
Botumirim;12,0;13,8;19,8;23,8;32,7;19,0;24,4;27,8;37,6;40,6;56,2;57,1;67,1;66,7;73,1;77,8;74,0;64,3;73,7;78,7
Brasilândia de Minas;7,1;29,4;40,4;27,4;27,2;28,0;39,7;53,1;40,9;43,9;46,6;56,3;55,8;48,7;59,6;70,7;71,7;73,1;75,5;79,4
Brasília de Minas;18,5;14,4;16,0;13,3;20,1;23,2;33,7;46,3;49,9;47,4;53,8;63,2;69,5;70,6;74,0;78,2;69,2;71,8;79,7;79,3
Brás Pires;42,5;31,9;42,6;58,3;50,9;53,1;69,8;77,8;69,0;59,0;71,1;72,5;70,5;67,7;60,9;76,1;77,6;82,4;75,6;81,4
Braúnas;21,4;21,6;35,8;54,1;60,7;57,1;50,0;63,2;69,6;58,6;56,8;66,0;73,1;71,8;78,6;83,8;66,0;83,8;75,4;72,9
Brazópolis;58,8;49,5;60,9;72,9;78,4;80,0;75,3;76,2;80,0;81,4;88,1;77,5;79,7;78,1;79,7;79,6;80,5;80,4;82,7;89,3
Brumadinho;56,3;64,4;53,4;59,1;64,2;69,7;71,9;74,7;81,1;76,4;82,1;84,4;73,3;72,6;79,8;82,5;87,9;83,8;83,8;83,2
Bueno Brandão;21,3;46,7;61,0;58,3;61,5;76,2;71,3;65,7;62,4;75,3;81,1;72,7;74,0;58,9;72,1;69,9;69,0;76,9;76,3;81,3
Buenópolis;48,4;53,7;54,4;60,3;45,9;41,0;57,0;54,9;52,9;52,0;59,6;60,7;54,6;73,4;84,8;77,7;86,0;83,2;73,5;85,3
Bugre;18,6;21,3;14,3;38,0;34,7;27,9;38,6;42,0;40,0;45,5;48,9;78,0;79,6;59,6;85,4;76,8;72,5;91,5;81,7;84,2
Buritis;59,0;57,2;80,6;63,3;20,9;27,8;35,5;50,3;57,0;60,5;65,6;76,9;81,1;77,8;79,0;79,8;73,1;70,7;74,7;80,6
Buritizeiro;23,2;17,1;23,6;22,5;22,1;30,8;48,1;44,2;46,9;49,6;50,4;54,5;71,6;79,7;71,3;80,4;81,4;83,6;82,2;82,8
Cabeceira Grande;36,8;31,0;26,9;31,6;27,4;41,6;51,1;33,3;53,8;52,3;59,2;51,1;65,6;66,3;60,7;63,8;61,1;64,9;55,0;53,2
Cabo Verde;59,2;75,0;64,5;72,0;77,8;77,2;72,2;75,0;76,4;79,6;88,6;89,9;87,6;90,0;90,5;87,6;92,0;94,5;91,6;94,3
Cachoeira da Prata;48,6;21,4;37,5;50,0;43,1;44,8;57,4;55,3;65,1;57,4;63,2;73,5;67,7;80,4;76,1;81,5;67,6;71,8;86,4;87,5
Cachoeira de Minas;74,1;80,6;77,1;85,6;87,7;83,9;84,1;88,2;90,4;86,3;82,1;86,5;82,3;86,2;79,5;77,0;84,6;83,3;80,2;81,4
Cachoeira Dourada;70,7;66,7;64,0;83,8;73,0;73,7;87,9;92,3;88,2;84,2;80,8;77,8;81,3;84,4;80,8;86,2;87,5;87,5;84,0;100,0
Caetanópolis;50,5;46,2;43,3;48,0;53,2;50,4;36,4;37,0;41,1;50,0;47,2;65,7;70,4;63,2;66,7;67,4;58,5;77,3;86,7;71,9
Caeté;52,5;65,4;71,4;61,6;61,4;58,4;64,9;71,0;70,2;73,3;71,6;74,3;69,8;69,2;70,4;68,5;72,7;77,5;74,9;71,6
Caiana;7,3;11,5;37,3;30,2;36,5;37,5;29,7;56,3;30,8;35,8;69,5;41,8;46,0;65,3;77,5;79,4;83,1;79,4;83,8;76,4
Cajuri;40,3;35,4;44,9;56,3;39,5;35,3;40,4;62,0;72,4;69,6;73,3;77,6;76,9;77,3;63,9;70,8;68,3;74,3;79,5;73,7
Caldas;31,0;39,6;57,5;41,7;45,8;51,8;51,1;57,8;58,9;53,4;57,4;62,9;60,8;69,9;65,2;69,4;65,3;75,0;81,5;90,4
Camacho;34,6;39,5;43,5;22,0;31,3;36,6;46,2;46,2;54,2;50,0;72,4;60,0;78,6;73,3;91,2;93,3;79,3;96,0;92,3;84,4
Camanducaia;33,4;42,9;52,9;46,2;49,2;51,5;50,0;59,2;71,7;73,3;69,0;68,0;73,1;73,3;77,1;81,5;80,5;81,4;75,5;79,1
Cambuí;29,7;15,7;20,4;34,9;44,7;45,8;63,6;61,5;76,3;66,2;74,3;78,1;71,8;73,0;78,1;76,7;80,0;81,1;78,3;74,7
Cambuquira;46,4;53,7;63,2;73,3;83,1;70,7;71,6;70,1;66,7;73,3;75,5;68,5;63,6;62,2;75,2;73,6;65,8;74,8;76,8;78,5
Campanário;20,0;15,0;**;26,7;25,3;22,4;45,7;41,9;59,2;31,8;71,1;69,4;66,7;75,0;77,5;85,4;53,5;53,3;53,7;77,5
Campanha;46,6;48,4;43,1;60,8;66,2;61,5;67,3;68,5;57,8;53,9;66,5;50,0;46,6;59,2;68,5;63,7;66,3;67,4;78,5;83,1
Campestre;62,5;87,2;88,9;89,3;91,7;87,1;88,1;89,6;93,9;97,3;93,1;82,0;72,9;74,1;75,4;79,4;81,6;78,8;86,5;86,5
Campina Verde;80,5;71,8;79,3;74,6;80,3;83,1;80,7;81,1;85,2;84,3;95,3;94,5;91,8;91,0;85,9;86,3;83,1;85,1;80,3;86,0
Campo Azul;41,7;14,0;**;**;30,0;31,8;19,6;26,7;47,5;48,8;64,0;57,4;79,1;81,6;84,8;84,4;79,1;77,2;75,0;86,4
Campo Belo;45,1;36,7;31,1;27,8;25,5;27,1;38,2;54,5;52,5;51,1;61,9;61,1;66,8;70,7;76,9;74,4;73,1;80,0;78,6;78,9
Campo do Meio;47,7;62,8;61,0;62,4;57,8;54,7;58,8;64,0;60,0;58,1;62,6;58,7;65,0;76,7;76,0;80,3;81,7;74,5;82,6;78,0
Campo Florido;58,3;45,5;49,3;51,7;69,2;47,6;40,8;58,0;52,2;46,2;48,4;62,5;64,0;55,1;55,4;63,2;60,0;72,0;54,8;66,7
Campos Altos;28,1;34,2;37,8;33,5;29,6;26,4;25,9;49,3;74,6;78,3;74,2;80,1;85,3;82,7;74,6;70,1;67,0;77,8;73,3;83,4
Campos Gerais;52,5;64,6;68,4;74,7;74,6;70,8;66,9;59,3;61,9;61,6;70,8;60,2;73,7;77,7;74,8;82,3;78,1;79,6;80,8;80,7
Canaã;44,4;46,7;41,4;29,4;37,5;53,3;51,7;44,9;61,7;60,9;78,8;96,3;90,2;87,9;91,8;80,0;76,7;73,5;84,3;89,4
Canápolis;93,9;77,9;45,7;43,9;68,4;72,3;74,8;82,0;84,2;84,5;85,8;89,0;87,9;87,9;80,0;92,1;92,4;87,4;87,6;81,5
Cana Verde;51,2;68,2;66,2;67,1;63,9;76,9;84,2;89,3;84,2;66,1;75,0;80,4;95,3;83,1;82,1;84,1;86,4;88,3;77,6;84,5
Candeias;34,8;19,1;19,0;16,8;9,4;12,1;40,2;58,9;60,0;52,7;68,6;76,0;77,6;77,5;82,5;78,8;80,0;87,2;86,7;75,7
Cantagalo;12,2;**;**;**;8,8;**;13,3;48,6;76,4;70,0;73,4;89,7;75,0;89,2;91,8;97,9;75,5;78,3;77,8;83,6
Caparaó;27,0;33,0;36,9;43,4;55,4;68,4;73,7;76,3;70,8;71,0;70,6;74,2;67,1;72,4;84,0;83,1;82,2;83,1;84,2;89,9
Capela Nova;72,5;52,9;62,2;61,5;64,2;55,4;43,9;56,6;57,1;25,6;56,5;69,0;73,0;71,1;85,7;70,6;61,9;67,5;39,5;60,0
Capelinha;12,7;19,0;19,6;21,5;22,7;22,9;44,3;43,9;50,7;53,6;67,8;80,1;76,7;78,4;82,6;84,2;84,9;86,0;86,5;87,7
Capetinga;47,2;40,2;35,3;43,9;67,1;66,3;50,0;59,1;58,4;58,3;46,0;58,7;59,2;69,6;72,5;79,3;70,0;78,7;92,0;82,4
Capim Branco;70,7;57,3;63,0;59,5;63,0;55,6;55,8;60,7;56,1;55,0;64,0;65,5;58,9;51,8;52,6;53,7;63,6;63,4;70,9;76,6
Capinópolis;69,7;76,8;73,1;82,2;79,1;76,1;87,0;95,1;94,3;94,2;94,4;85,9;85,5;82,4;80,9;88,3;84,7;83,2;85,2;89,7
Capitão Andrade;37,5;25,8;37,5;40,4;33,3;43,2;48,5;59,7;64,1;54,5;60,0;73,2;66,7;53,6;69,4;71,9;62,1;69,1;70,2;61,1
Capitão Enéas;11,2;17,8;13,0;23,7;32,5;29,0;33,5;51,4;43,7;35,1;40,4;76,5;73,7;63,2;71,4;86,5;73,8;76,3;76,2;80,9
Capitólio;42,9;40,0;42,9;45,9;44,4;49,5;60,9;61,4;63,8;59,1;94,4;79,2;58,5;64,7;71,6;70,5;77,6;74,3;75,9;76,0
Caputira;32,3;35,8;47,8;51,4;73,1;63,8;74,6;77,8;56,2;45,3;33,8;68,4;64,2;69,6;77,3;70,7;75,2;80,8;81,9;84,5
Caraí;6,9;4,5;7,7;6,8;5,8;9,0;15,7;23,7;34,8;30,7;46,2;51,9;58,5;50,7;56,4;65,8;60,9;47,8;63,1;70,8
Caranaíba;34,6;42,6;38,7;23,8;26,3;28,9;37,0;38,1;51,6;62,2;76,5;47,4;73,3;78,3;68,0;48,0;63,6;80,0;78,6;72,7
Carandaí;43,1;40,1;49,6;53,6;66,0;58,6;68,2;65,4;65,1;54,9;62,7;56,2;63,4;51,8;63,7;61,0;57,4;65,7;75,1;73,5
Carangola;35,4;64,3;63,1;62,9;68,4;80,1;76,8;78,0;81,8;84,0;80,8;71,6;60,2;63,7;80,1;77,9;75,9;84,3;83,1;85,5
Caratinga;41,2;35,9;44,4;48,5;52,7;49,4;44,4;49,2;50,9;57,6;67,8;63,1;67,2;67,1;69,3;69,1;70,9;73,1;76,9;74,7
Carbonita;44,4;46,2;46,5;43,8;42,9;42,7;59,2;54,3;59,8;60,9;80,5;78,4;81,8;86,2;89,5;94,6;96,9;93,3;88,9;87,8
Careaçu;58,7;51,9;52,4;59,3;70,1;79,0;71,9;83,3;74,1;75,9;88,0;86,2;71,1;68,9;82,1;89,0;78,9;79,4;82,9;75,0
Carlos Chagas;32,7;32,2;37,4;40,2;40,8;40,8;44,0;38,9;46,0;55,8;58,9;53,1;55,5;57,8;57,1;63,8;68,1;65,3;70,5;78,9
Carmésia;38,1;29,2;36,8;55,3;45,5;54,1;71,8;66,7;56,4;64,9;65,8;73,2;79,4;70,4;86,1;69,2;68,4;80,0;83,3;89,3
Carmo da Cachoeira;60,8;70,6;71,8;70,3;62,6;58,3;68,1;67,9;64,3;73,5;76,8;79,3;83,9;72,9;69,3;68,2;70,6;72,4;75,6;87,3
Carmo da Mata;20,3;20,8;27,5;41,2;65,5;60,8;70,7;69,9;71,6;62,8;57,9;63,0;80,6;79,3;82,5;79,5;77,4;84,0;87,9;89,4
Carmo de Minas;47,2;52,8;55,8;55,7;68,3;50,9;48,7;54,0;68,6;68,3;71,3;72,2;73,4;60,5;66,0;67,1;67,3;71,3;76,7;82,4
Carmo do Cajuru;45,3;52,1;58,2;62,0;58,9;62,6;67,5;70,4;68,0;75,7;74,5;77,6;75,0;71,3;72,0;63,1;65,1;71,4;77,4;81,8
Carmo do Paranaíba;18,0;27,3;63,5;59,9;58,4;62,2;66,1;65,7;70,7;73,2;80,0;85,4;82,0;89,0;88,3;91,3;89,9;84,0;89,3;89,7
Carmo do Rio Claro;26,5;48,9;50,2;60,0;56,8;63,9;75,1;83,8;78,0;80,2;78,8;84,2;85,8;88,5;86,8;85,0;74,6;84,2;80,7;95,1
Carmópolis de Minas;22,2;32,2;14,3;29,8;45,2;43,7;49,3;47,5;41,2;49,5;51,2;71,3;72,2;64,1;67,9;68,0;69,7;68,2;79,6;82,4
Carneirinho;40,2;40,4;55,6;75,0;82,2;70,3;74,4;75,9;62,0;43,6;59,6;64,2;71,3;72,3;69,2;68,6;66,7;84,6;87,3;82,8
Carrancas;72,4;80,0;71,4;50,0;60,7;62,5;80,4;75,4;79,2;85,4;83,7;78,4;77,8;85,4;86,7;80,0;93,5;81,0;79,5;76,6
Carvalhópolis;50,0;36,1;58,7;76,7;56,8;75,0;65,3;69,7;82,5;75,6;70,0;77,5;88,2;78,7;75,0;75,7;79,5;88,2;77,8;81,6
Carvalhos;37,0;20,8;41,1;35,7;31,4;23,4;73,7;44,7;84,2;69,6;82,9;95,7;93,3;86,4;86,1;81,1;85,0;86,0;78,8;74,4
Casa Grande;32,3;44,0;26,3;35,7;39,4;47,8;45,0;76,7;83,3;60,7;61,5;47,1;76,5;78,9;81,0;86,7;70,0;75,0;83,3;83,3
Cascalho Rico;85,0;71,4;80,0;76,0;92,0;61,3;78,1;93,8;90,9;68,0;77,3;77,8;87,0;65,4;88,6;62,5;73,5;68,8;94,4;66,7
Cássia;65,8;49,8;38,9;57,0;70,6;65,0;70,5;72,3;62,4;66,2;75,7;73,3;81,7;83,4;83,8;86,9;84,3;85,4;85,3;86,3
Conceição da Barra de Min;13,4;33,3;26,2;26,0;50,0;35,6;53,8;58,7;61,9;61,0;51,3;59,5;62,1;60,7;67,7;75,9;54,5;65,5;71,4;48,5
Cataguases;41,9;41,9;43,5;43,8;50,5;51,2;47,8;50,5;50,3;49,0;67,3;62,3;66,5;65,3;71,5;67,7;66,8;68,2;71,6;75,0
Catas Altas;40,0;23,2;41,7;32,5;52,3;81,3;69,2;68,6;64,3;78,2;85,1;82,7;72,9;69,7;82,8;78,7;80,0;74,2;89,5;87,7
Catas Altas da Noruega;33,3;20,9;43,8;40,7;42,6;28,3;54,4;46,5;57,1;30,6;51,3;64,9;52,9;66,7;86,1;83,9;84,8;63,0;67,6;68,6
Catuji;11,1;11,0;5,1;13,8;9,9;10,8;16,2;10,6;24,5;20,5;42,6;64,7;53,3;65,6;76,2;80,6;78,9;77,7;75,4;72,0
Catuti;16,3;24,7;18,3;34,6;42,9;50,0;72,5;75,0;86,8;80,0;86,7;91,7;90,4;97,0;91,7;93,3;88,7;85,3;78,3;86,0
Caxambu;54,5;49,1;43,7;37,7;37,4;52,3;64,3;70,9;73,2;64,1;68,2;64,3;57,1;70,1;86,0;77,9;81,7;83,9;81,8;79,7
Cedro do Abaeté;**;58,8;55,6;65,0;81,8;60,0;**;41,7;57,1;75,0;80,0;**;71,4;75,0;100,0;64,3;60,0;**;100,0;**
Central de Minas;38,5;36,4;63,6;56,7;52,0;54,5;55,3;65,6;62,1;65,6;61,5;82,5;57,4;59,8;77,0;81,3;77,5;88,6;48,2;51,4
Centralina;73,1;76,7;39,5;62,6;63,8;50,4;64,4;71,6;66,7;72,9;76,6;65,7;67,8;74,4;77,6;83,2;82,1;80,4;81,5;85,0
Chácara;44,8;36,0;30,4;76,5;45,5;81,8;71,4;62,1;80,6;46,7;59,1;66,7;61,5;50,0;76,2;90,0;96,3;74,4;52,6;59,3
Chalé;44,6;59,7;64,2;73,1;73,7;49,2;60,0;37,1;50,0;72,5;71,6;80,0;82,4;77,3;85,2;67,9;78,5;82,3;78,9;87,0
Chapada do Norte;**;24,1;25,9;22,1;28,9;26,4;40,7;40,9;41,0;34,0;56,6;69,7;75,3;76,0;79,0;88,2;87,3;84,1;85,3;88,2
Chapada Gaúcha;8,5;9,2;7,3;13,2;6,8;11,4;14,5;20,2;20,6;20,4;30,5;37,9;41,3;47,1;53,0;64,6;70,5;68,0;78,8;79,0
Chiador;47,6;42,9;40,9;56,5;77,8;61,3;43,3;63,6;48,8;45,5;38,5;52,0;51,9;52,6;83,3;78,6;70,4;66,7;65,5;74,4
Cipotânea;41,4;34,4;32,6;42,5;54,5;29,2;42,0;54,4;50,0;50,8;46,7;75,4;83,6;76,5;71,9;81,8;66,7;82,4;58,3;67,9
Claraval;70,9;66,7;72,7;72,2;65,2;85,1;68,3;77,1;53,6;66,7;81,3;91,7;85,0;91,7;78,6;66,7;50,0;63,6;75,0;65,2
Claro dos Poções;18,6;44,4;52,3;72,7;53,7;66,7;72,7;65,9;80,0;74,7;76,2;84,3;71,2;81,9;84,1;80,0;84,8;81,8;87,0;91,4
Cláudio;33,3;40,6;54,3;53,0;65,1;53,6;53,5;58,8;59,7;66,4;89,3;82,7;82,7;79,1;76,3;84,9;84,5;77,9;78,9;85,9
Coimbra;36,2;23,6;20,4;27,8;70,7;81,9;63,9;56,3;51,4;85,5;75,3;81,3;88,0;57,7;53,8;72,7;88,2;82,7;73,5;75,7
Coluna;**;24,3;22,9;31,3;26,6;38,1;43,9;53,7;58,4;68,1;67,9;75,0;78,8;78,0;75,9;78,0;78,0;88,2;85,5;89,3
Comendador Gomes;54,8;**;81,8;69,0;53,8;65,4;43,8;65,0;78,6;67,6;66,7;76,9;72,0;66,7;88,5;92,9;70,8;66,7;72,7;77,5
Comercinho;18,7;14,7;36,3;28,4;22,4;17,6;22,2;23,3;33,3;46,7;38,6;58,2;64,9;65,1;81,3;76,3;85,7;81,7;75,8;84,3
Conceição da Aparecida;68,6;68,7;72,3;67,9;67,5;67,9;74,2;74,1;56,0;70,3;80,5;81,1;86,1;91,1;78,0;76,2;89,6;86,8;89,1;91,9
Conceição das Pedras;27,3;44,8;54,5;40,0;57,9;62,0;58,6;78,1;69,6;78,9;75,0;87,9;93,5;91,9;93,8;96,2;89,3;96,8;95,2;96,2
Conceição das Alagoas;26,4;13,3;15,7;13,4;20,3;18,0;15,3;41,2;87,3;68,2;84,7;80,7;76,8;67,7;76,9;78,4;75,6;78,2;82,5;81,1
Conceição de Ipanema;42,9;21,6;18,3;42,2;14,6;**;8,2;**;51,9;65,6;96,8;95,7;98,2;96,0;83,6;85,7;93,3;87,9;88,7;90,6
Conceição do Mato Dentro;60,3;46,4;36,8;43,7;37,4;32,0;30,6;46,8;39,9;43,9;52,5;55,0;62,6;64,2;71,5;76,2;74,6;77,9;85,4;90,4
Conceição do Pará;**;23,3;36,4;25,0;33,9;27,7;34,8;46,6;36,4;42,7;50,0;46,7;62,0;65,6;61,8;64,2;53,7;58,2;70,2;65,5
Conceição do Rio Verde;50,6;49,7;41,2;48,7;55,9;53,3;55,7;53,0;57,0;51,7;67,1;80,7;89,2;84,1;82,2;82,0;76,7;77,2;80,6;82,4
Conceição dos Ouros;56,0;41,9;38,3;63,0;79,8;72,6;77,3;77,1;75,8;75,4;78,9;68,3;80,6;64,5;71,6;71,8;69,6;76,4;83,2;75,2
Cônego Marinho;**;14,1;36,5;35,3;14,0;31,4;46,8;28,4;43,3;53,4;67,1;82,4;79,3;81,3;89,0;87,9;66,7;73,0;73,6;78,5
Confins;29,1;30,5;44,4;43,4;42,9;44,8;54,1;39,4;59,1;72,9;69,7;71,3;70,5;72,1;59,3;70,4;69,9;64,9;70,1;72,5
Congonhal;58,0;63,1;64,1;73,8;65,9;65,5;70,1;72,9;73,8;74,1;82,0;80,0;78,7;67,6;65,3;74,2;71,5;62,5;77,3;75,7
Congonhas;43,8;52,4;63,7;74,1;66,7;77,0;80,3;79,0;82,5;78,7;82,6;83,2;80,5;82,4;85,1;85,7;88,0;87,9;88,0;88,1
Congonhas do Norte;**;25,5;38,7;45,5;28,2;28,3;29,3;28,1;38,5;38,0;50,9;60,0;73,5;64,2;77,6;70,9;86,5;76,1;84,1;86,0
Conquista;53,7;79,2;73,9;80,6;80,5;82,4;64,1;75,3;78,8;60,3;68,1;71,4;75,0;68,5;59,3;71,0;68,8;77,2;83,6;89,6
Conselheiro Lafaiete;54,9;56,1;57,8;59,2;60,5;60,5;72,6;75,0;73,1;69,6;69,8;71,2;70,3;73,2;76,6;79,5;78,3;76,1;75,2;75,8
Conselheiro Pena;32,8;36,2;49,1;53,3;57,8;41,6;40,5;39,2;41,9;48,4;54,2;87,4;70,9;67,7;69,8;82,0;78,3;71,7;72,9;75,6
Consolação;63,2;40,6;40,0;38,5;76,5;61,1;84,2;83,3;93,3;83,3;87,5;70,8;73,3;95,2;87,0;80,0;77,3;81,5;79,3;82,4
Contagem;45,7;49,4;53,9;53,7;62,1;65,8;66,1;69,0;72,2;74,7;73,3;72,5;70,8;70,2;71,9;71,6;70,8;72,1;73,2;76,3
Coqueiral;39,9;59,1;58,2;66,1;61,2;53,3;72,0;76,7;76,1;70,7;83,5;70,4;77,8;79,8;86,2;85,7;89,1;84,0;70,6;71,6
Coração de Jesus;22,2;24,7;28,5;33,9;38,4;40,8;30,1;34,8;37,1;32,3;35,6;47,0;44,9;55,7;62,6;61,4;66,0;50,2;68,9;69,5
Cordisburgo;24,8;42,5;33,3;35,6;38,1;41,3;33,3;41,7;38,1;44,1;57,5;53,6;58,4;50,0;65,6;68,0;69,5;72,5;60,0;66,2
Cordislândia;33,3;45,0;63,0;60,4;60,6;70,0;62,2;61,4;75,6;58,8;51,9;67,7;58,5;67,7;53,1;77,5;63,3;69,2;86,0;76,5
Corinto;43,2;48,1;46,2;46,8;48,8;48,7;53,8;40,5;36,6;46,9;55,0;57,1;51,8;56,9;63,6;70,2;65,0;63,3;57,4;70,6
Coroaci;17,0;21,4;18,2;25,6;23,3;26,7;29,0;29,5;29,3;39,2;39,3;62,8;63,5;71,6;76,2;75,0;68,7;68,9;73,4;77,8
Coromandel;77,8;81,7;77,6;74,0;80,2;74,7;82,4;68,8;72,5;74,8;72,5;81,8;78,4;84,7;88,8;93,7;88,4;89,2;87,1;88,7
Coronel Fabriciano;34,9;42,6;47,1;48,3;39,8;45,9;50,9;56,4;59,0;60,0;58,1;64,5;62,9;67,5;69,7;70,7;74,2;76,6;73,0;76,8
Coronel Murta;24,4;15,8;25,5;23,6;26,4;37,7;37,6;43,1;45,7;44,6;46,8;52,8;54,3;57,6;72,6;71,7;64,7;63,1;73,5;77,5
Coronel Pacheco;59,5;61,5;60,0;90,9;66,7;88,0;85,7;80,6;84,2;75,0;75,9;54,2;71,0;80,0;88,9;75,0;84,0;83,3;80,0;66,7
Coronel Xavier Chaves;27,9;20,0;31,9;15,9;29,4;26,7;**;18,0;16,3;35,1;33,3;27,8;74,4;68,1;73,5;65,5;62,2;66,7;38,9;52,0
Córrego Danta;45,7;50,0;57,5;42,9;40,0;36,8;52,2;38,1;48,1;51,9;72,7;63,2;84,2;69,6;90,9;72,2;60,9;70,0;67,9;88,9
Córrego do Bom Jesus;30,2;25,0;30,0;20,6;43,2;36,4;64,0;60,0;38,5;70,6;59,3;76,5;87,0;64,0;79,3;66,7;74,1;81,1;75,0;80,8
Córrego Fundo;63,8;79,4;75,4;84,2;88,8;90,6;82,1;86,7;85,5;79,5;91,8;82,3;86,4;87,7;90,7;84,1;91,2;91,9;85,7;90,0
Córrego Novo;**;19,5;26,0;18,8;22,0;31,6;44,9;38,1;51,2;37,1;62,9;60,7;56,3;63,6;80,6;60,0;66,7;86,8;74,4;87,8
Couto de Magalhães de Min;46,6;36,4;33,8;43,6;31,0;30,9;42,0;26,2;24,6;18,0;17,2;26,8;62,5;72,7;78,0;86,5;70,0;85,5;84,8;76,8
Crisólita;14,3;**;28,8;35,2;31,0;26,0;17,0;18,2;23,2;21,4;61,8;49,3;45,6;59,0;78,4;85,1;73,7;76,2;69,8;71,4
Cristais;38,4;41,7;38,5;41,5;75,0;53,7;45,9;48,2;53,0;50,0;57,4;63,6;70,7;71,8;75,6;76,6;68,0;79,0;81,4;73,5
Cristália;5,6;7,5;36,2;32,8;40,7;31,8;43,6;45,9;57,4;57,4;67,0;83,5;70,7;75,0;82,5;85,2;82,7;91,0;79,0;88,2
Cristiano Otoni;52,9;45,1;60,5;52,6;65,6;46,8;68,3;65,1;63,9;82,5;77,9;77,8;76,6;76,9;81,3;65,5;75,0;77,2;71,6;57,1
Cristina;86,6;68,8;74,8;80,3;84,7;80,5;86,0;85,9;75,4;80,2;80,0;74,0;76,5;83,3;83,3;82,8;85,8;74,7;80,2;78,7
Crucilândia;26,0;17,5;33,3;52,7;65,7;72,1;68,2;81,3;59,5;69,0;71,9;78,1;83,3;82,1;78,6;85,9;91,8;90,9;93,2;92,5
Cruzeiro da Fortaleza;28,8;31,3;18,2;34,1;27,9;50,0;42,4;54,5;55,9;58,9;64,3;78,3;75,5;76,5;89,1;76,1;85,0;77,2;72,7;79,0
Cruzília;27,2;46,1;49,2;58,8;73,3;73,8;71,7;94,1;94,9;88,8;95,2;94,4;94,1;92,7;92,7;95,6;94,2;94,8;94,1;92,1
Cuparaque;33,8;46,4;33,3;48,4;37,0;52,7;50,0;66,7;67,8;60,0;52,7;97,2;87,0;84,3;85,0;85,5;74,6;66,7;66,2;66,7
Curral de Dentro;16,4;14,5;16,0;20,6;12,6;24,8;37,1;43,1;55,1;51,9;63,2;77,2;78,9;70,9;73,3;91,0;88,9;82,9;82,1;83,7
Curvelo;66,2;63,7;65,7;56,0;52,2;52,7;56,0;44,2;39,5;47,8;46,6;49,4;45,5;50,5;57,1;60,5;57,9;63,9;64,8;67,5
Datas;48,3;45,7;35,7;41,5;23,8;38,0;35,9;33,8;44,4;65,3;74,4;81,2;75,0;74,7;87,0;84,8;80,7;87,9;89,4;92,3
Delfim Moreira;52,5;44,8;47,9;49,4;47,2;47,7;61,9;61,4;77,6;72,6;82,4;95,6;92,9;90,9;91,9;84,0;78,4;88,5;85,0;78,0
Delfinópolis;74,7;56,0;51,7;68,7;80,7;61,8;69,3;75,0;77,6;78,5;84,4;77,0;83,3;87,0;93,6;80,9;76,7;88,2;86,1;91,5
Delta;53,7;36,0;46,0;50,5;44,5;47,5;59,7;64,9;53,8;45,2;52,0;69,4;73,5;58,9;67,2;69,4;69,0;59,5;61,3;70,9
Descoberto;71,2;86,7;86,3;85,4;83,0;86,7;68,4;91,3;70,6;76,2;76,4;58,3;74,0;51,2;68,5;77,5;80,0;82,4;90,9;88,9
Desterro de Entre Rios;51,2;50,7;60,0;51,3;35,2;44,1;56,1;62,7;65,9;68,6;52,4;86,6;85,7;70,4;81,5;89,6;80,7;91,9;85,4;77,2
Desterro do Melo;60,8;51,0;63,0;65,9;61,8;60,0;58,7;47,6;76,9;61,3;60,7;75,0;81,1;76,9;79,3;87,1;82,1;80,6;80,0;85,2
Diamantina;53,8;50,0;45,9;49,0;47,3;48,2;45,7;44,7;44,5;38,3;50,2;55,3;60,5;65,5;64,7;65,5;68,6;70,7;70,7;68,3
Diogo de Vasconcelos;54,1;49,0;30,8;56,4;79,5;48,9;62,2;54,9;70,6;53,2;75,0;79,3;85,0;80,0;92,1;80,6;78,6;65,9;62,9;65,0
Dionísio;18,1;14,2;23,9;20,7;42,5;48,2;46,1;46,2;51,4;61,3;59,0;58,1;76,0;74,5;63,9;65,0;84,6;76,7;37,3;73,7
Divinésia;63,6;38,5;60,6;55,6;57,6;56,4;62,0;72,1;86,0;63,4;71,7;61,5;67,3;66,0;70,6;58,8;70,5;72,7;75,5;89,1
Divino;38,7;69,5;73,5;61,4;70,2;61,4;42,5;34,5;65,4;56,5;86,7;84,3;87,2;86,4;93,3;87,9;79,9;79,6;86,9;87,0
Divino das Laranjeiras;42,2;52,3;42,3;53,9;66,7;56,9;47,5;50,7;48,1;30,2;47,4;44,2;55,1;42,1;66,7;61,5;79,0;76,9;80,0;80,6
Divinolândia de Minas;38,7;21,2;26,8;27,6;33,0;26,7;39,6;39,2;42,1;34,5;40,0;76,2;78,5;77,3;81,3;76,4;74,2;85,5;81,1;81,0
Divinópolis;60,5;63,7;64,9;67,6;61,4;68,2;69,4;70,5;71,0;73,5;77,2;76,8;77,3;77,8;76,5;76,6;75,6;78,6;76,5;77,9
Divisa Alegre;34,8;18,3;26,7;35,3;35,6;40,1;50,6;48,4;61,0;55,0;54,4;66,0;67,5;66,3;79,3;79,1;87,4;84,6;85,7;88,5
Divisa Nova;53,6;43,8;55,4;59,0;52,7;59,3;66,3;64,4;58,6;59,1;73,8;79,4;80,6;73,7;83,8;80,0;72,9;77,2;72,9;79,5
Divisópolis;14,3;17,5;21,3;22,5;24,2;31,3;41,4;50,0;70,0;39,8;42,9;63,1;79,5;67,9;80,8;88,4;78,0;79,2;86,2;84,8
Dom Bosco;38,7;31,7;28,3;22,9;16,1;34,5;20,0;28,2;31,3;46,5;69,0;75,0;93,1;75,6;73,5;68,4;88,2;85,3;96,8;85,0
Dom Cavati;21,2;24,7;20,5;40,5;46,4;59,0;40,7;37,2;32,8;25,0;50,6;66,7;48,5;62,5;68,9;49,2;55,8;74,6;70,6;76,9
Dom Joaquim;32,6;40,5;64,5;65,4;60,2;51,7;60,0;67,2;68,3;55,8;75,4;74,1;66,0;66,1;80,8;89,4;79,1;70,0;82,1;83,3
Dom Silvério;74,0;77,0;72,2;72,7;69,6;72,5;64,8;83,1;76,8;77,6;84,7;85,4;87,5;72,5;66,7;81,6;97,7;82,9;73,7;73,5
Dom Viçoso;26,7;47,4;44,0;29,0;62,1;51,5;66,0;55,9;64,7;73,3;72,0;87,9;89,7;79,3;90,9;75,9;69,6;66,7;83,3;90,3
Dona Eusébia;38,1;45,5;53,3;41,0;45,5;58,6;69,6;62,5;55,7;53,6;55,4;61,0;72,1;69,0;74,6;75,8;71,4;72,2;77,8;78,8
Dores de Campos;33,0;41,2;58,3;61,9;78,8;61,0;74,1;78,7;77,6;79,1;81,0;79,6;82,7;77,1;77,6;70,9;62,4;77,3;80,7;87,0
Dores de Guanhães;30,9;31,9;29,3;38,7;56,2;27,0;49,2;67,3;54,3;59,4;59,2;62,8;77,8;69,2;69,2;74,1;85,7;85,7;85,7;74,2
Dores do Indaiá;9,0;6,3;9,1;8,2;6,3;2,6;4,2;6,3;31,9;36,3;64,6;74,6;74,8;77,8;70,2;70,4;69,0;80,7;87,4;79,8
Dores do Turvo;46,8;55,1;47,7;45,6;69,4;73,6;70,7;73,5;78,4;75,7;70,7;82,0;84,7;69,0;64,4;69,0;81,5;76,6;76,1;71,4
Doresópolis;0,0;**;0,0;**;47,6;31,6;33,3;37,5;35,7;61,9;100,0;93,3;100,0;83,3;71,4;83,3;78,6;83,3;92,9;90,9
Douradoquara;**;**;38,9;54,5;42,9;26,1;76,2;62,5;50,0;46,7;95,8;69,2;75,0;84,2;100,0;100,0;86,7;77,8;76,2;89,5
Durandé;67,9;24,0;30,2;41,5;45,7;46,9;76,2;79,8;65,6;47,3;81,7;65,0;62,4;80,2;74,4;84,7;70,6;80,8;87,5;89,8
Elói Mendes;65,7;63,1;60,6;63,7;65,5;67,1;71,5;73,9;79,7;74,4;76,8;79,4;78,6;75,2;69,6;69,3;71,9;72,7;77,5;68,7
Engenheiro Caldas;25,3;29,0;45,6;41,9;34,7;33,1;39,3;53,2;40,4;37,7;51,4;47,2;61,2;60,0;61,7;58,4;53,4;47,5;62,0;54,2
Engenheiro Navarro;39,0;29,8;29,1;29,9;50,9;43,1;58,4;44,1;35,6;42,5;68,3;74,7;79,5;71,8;79,7;80,3;84,5;90,0;85,9;88,1
Entre Folhas;33,3;33,6;43,3;45,1;51,1;56,8;66,2;52,2;55,1;54,0;63,0;63,6;74,6;77,4;84,5;78,6;87,3;82,9;82,9;80,3
Entre Rios de Minas;58,7;55,4;57,7;51,6;58,2;63,2;66,7;58,4;73,8;60,1;80,1;93,0;94,9;89,0;87,7;90,2;89,2;83,5;81,6;85,3
Ervália;16,1;11,6;9,3;17,3;11,1;22,9;30,1;59,3;59,2;54,7;57,9;41,8;64,1;70,0;70,5;71,1;70,0;73,0;71,1;69,9
Esmeraldas;34,3;32,9;32,2;46,8;59,6;64,4;65,1;65,8;64,5;70,6;67,1;61,3;66,8;64,4;57,2;62,4;68,0;69,1;73,4;71,0
Espera Feliz;18,3;28,0;40,9;42,2;44,4;52,0;46,4;49,8;43,7;42,0;68,6;77,6;73,5;75,6;86,6;86,1;83,3;85,6;91,4;91,3
Espinosa;2,4;10,7;14,7;31,6;52,7;66,4;68,1;58,5;66,0;65,7;76,4;76,0;80,5;75,1;83,5;86,5;83,6;85,5;81,1;86,6
Espírito Santo do Dourado;71,2;66,7;67,6;78,1;81,3;75,0;90,0;87,5;91,2;93,0;89,4;81,6;92,7;84,5;84,6;84,6;83,1;77,0;82,9;82,4
Estiva;43,7;42,4;59,3;49,5;62,8;72,5;82,9;67,4;70,3;80,5;87,2;81,4;71,1;76,6;68,4;78,8;79,7;82,5;80,7;84,8
Estrela Dalva;73,7;73,2;60,0;51,7;75,0;60,7;45,7;66,7;48,6;48,3;54,1;68,8;73,3;68,8;70,6;60,9;57,9;63,6;72,0;65,0
Estrela do Indaiá;20,4;29,8;43,6;52,5;50,0;71,8;54,9;65,7;70,0;92,9;76,3;89,5;96,4;96,0;96,2;52,2;73,3;100,0;83,3;86,4
Estrela do Sul;25,8;31,2;45,1;49,3;72,6;74,2;79,4;65,7;70,0;85,0;70,7;67,0;75,0;78,5;81,9;80,3;77,2;78,6;82,4;84,6
Eugenópolis;28,6;42,7;63,6;73,1;74,3;71,8;67,3;79,1;69,4;71,2;90,7;97,5;97,5;84,5;86,8;81,6;83,5;77,8;76,9;83,3
Ewbank da Câmara;65,2;75,9;74,5;75,0;70,2;63,5;64,9;65,4;62,2;64,6;72,1;71,7;58,7;69,8;64,2;72,0;61,0;79,3;81,0;70,2
Extrema;74,9;74,3;70,4;77,1;79,4;74,7;76,8;81,5;91,5;89,3;86,6;86,2;80,2;81,4;79,0;79,3;83,3;82,6;69,1;86,3
Fama;64,0;52,9;91,3;80,0;77,8;76,2;60,0;45,5;53,3;50,0;64,0;78,3;55,0;65,2;57,9;62,5;74,1;61,5;72,0;76,9
Faria Lemos;33,3;55,9;60,0;57,9;75,0;71,4;67,5;63,3;65,4;81,5;82,1;66,0;58,3;53,7;73,0;78,0;74,4;71,1;78,3;89,7
Felício dos Santos;47,1;31,0;43,1;37,9;35,9;46,5;47,6;44,7;44,3;48,6;58,0;68,0;72,1;76,3;79,2;93,2;86,3;80,2;81,8;92,1
São Gonçalo do Rio Preto;64,4;51,5;54,4;54,3;66,0;48,8;59,3;43,5;39,0;29,8;30,8;45,5;78,6;90,0;79,4;79,3;37,9;65,2;95,7;96,6
Felisburgo;12,3;16,5;13,3;19,1;39,9;45,1;45,8;52,3;**;65,7;76,0;69,9;70,1;84,5;85,4;91,3;93,6;86,2;87,4;91,3
Felixlândia;14,8;23,7;31,9;37,2;28,9;39,0;44,4;37,4;27,9;45,1;52,5;59,0;70,1;60,0;55,1;40,7;47,5;48,7;59,8;66,1
Fernandes Tourinho;22,5;33,3;37,9;48,1;42,4;37,9;51,7;41,5;40,7;50,0;48,6;55,3;53,1;31,3;76,9;64,7;53,3;59,4;75,7;82,8
Ferros;23,4;17,0;18,5;26,2;31,1;36,2;29,5;39,3;55,8;54,6;57,1;86,8;75,3;79,5;78,9;76,0;80,0;75,8;81,5;70,9
Fervedouro;34,8;45,9;54,9;45,5;62,1;60,8;60,5;62,2;64,0;58,9;62,6;50,3;75,0;60,2;80,2;88,5;82,8;89,5;85,3;85,6
Florestal;23,8;53,5;45,9;58,5;51,6;60,9;60,0;59,3;71,0;62,1;62,8;65,2;65,7;59,7;70,0;70,2;67,1;71,4;73,6;90,5
Formiga;49,9;66,6;70,4;81,3;84,7;78,4;78,0;79,0;81,5;82,5;82,0;82,8;81,7;79,0;79,3;81,7;77,8;81,5;80,3;83,4
Formoso;32,2;41,9;42,1;36,9;29,5;25,8;32,7;43,3;38,3;42,6;50,9;65,9;73,8;69,0;73,4;77,3;82,5;61,4;75,8;87,1
Fortaleza de Minas;51,9;55,9;45,2;62,5;59,0;71,4;66,7;86,0;77,8;82,1;81,6;80,5;76,1;86,3;64,5;75,0;84,8;84,2;89,8;83,3
Fortuna de Minas;33,3;**;17,8;28,6;25,8;34,2;46,4;50,0;55,9;40,6;64,0;72,2;67,7;84,0;74,3;66,7;82,9;59,4;80,0;76,7
Francisco Badaró;17,5;12,6;24,4;36,0;58,6;49,1;60,7;59,8;69,6;73,0;74,6;72,5;80,4;79,2;80,9;87,2;78,4;80,8;84,7;79,4
Francisco Dumont;31,7;17,3;23,3;32,1;40,0;57,0;45,1;49,2;65,7;57,7;58,2;78,3;64,4;82,4;77,1;83,9;77,6;63,6;79,3;75,9
Francisco Sá;8,8;8,0;14,3;33,0;38,8;25,9;22,2;30,4;35,7;33,8;41,5;48,8;55,6;59,3;53,9;70,0;72,4;78,9;79,4;81,0
Franciscópolis;13,9;8,0;19,5;17,4;17,3;13,3;12,2;18,1;29,5;28,4;28,2;71,4;74,3;67,4;69,2;89,1;72,2;76,2;88,7;82,0
Frei Gaspar;**;7,6;15,4;21,2;20,6;25,4;34,2;29,9;30,8;38,2;46,0;61,3;54,9;58,8;66,2;62,3;44,3;42,0;51,6;59,3
Frei Inocêncio;33,3;50,3;52,6;45,3;46,2;27,4;36,6;29,8;39,8;45,5;47,4;49,0;44,6;53,2;57,9;50,4;61,5;72,6;71,6;70,2
Frei Lagonegro;20,4;21,9;29,7;19,6;25,0;**;14,3;46,0;53,8;32,0;45,1;83,8;72,7;76,1;77,1;74,2;55,3;90,6;73,7;71,1
Fronteira;100,0;72,6;72,5;63,3;53,3;76,2;70,4;70,6;72,4;68,0;77,3;77,2;71,1;67,3;62,8;68,1;61,5;66,4;74,7;76,9
Fronteira dos Vales;25,0;**;24,1;21,9;29,4;18,7;32,0;30,6;26,4;43,3;74,2;82,5;78,1;82,3;62,5;84,1;75,6;90,6;90,0;70,8
Fruta de Leite;16,5;15,4;16,7;23,6;35,6;37,3;49,0;48,2;63,0;52,8;61,4;77,3;69,6;79,0;77,3;82,5;88,2;77,4;84,0;83,3
Frutal;60,1;72,4;77,8;58,4;57,0;51,8;50,8;53,2;49,1;51,4;58,7;63,4;64,0;67,6;65,6;70,1;63,9;75,4;74,4;76,3
Funilândia;13,9;21,6;15,5;25,6;38,5;40,8;35,2;58,9;63,8;54,2;66,0;69,5;74,0;68,9;75,0;73,3;58,6;75,5;67,2;68,6
Galiléia;87,3;80,6;84,5;76,8;64,6;33,7;24,5;32,2;26,3;21,7;27,4;62,0;68,3;61,7;70,1;66,7;63,3;65,1;74,5;90,0
Gameleiras;31,3;26,4;21,3;34,2;41,2;57,4;45,5;60,9;71,2;73,5;81,0;94,6;95,6;86,8;96,0;91,7;90,0;93,2;84,1;93,1
Glaucilândia;40,0;**;25,9;18,4;28,6;54,1;51,4;78,6;56,8;60,0;60,0;68,8;73,0;83,3;69,2;88,9;86,4;70,8;73,5;75,0
Goiabeira;19,2;21,2;57,9;42,9;41,3;58,1;58,8;55,1;52,8;38,1;47,7;82,6;51,0;53,7;54,5;58,3;58,8;56,9;47,8;52,9
Goianá;42,6;52,5;50,0;58,6;52,6;64,7;75,0;86,8;79,4;76,7;82,5;82,1;81,5;80,8;87,1;85,7;83,3;87,9;86,2;92,5
Gonçalves;31,9;42,9;48,8;65,0;68,4;87,5;83,0;87,8;84,8;85,0;90,9;84,6;85,0;76,9;75,8;90,5;96,7;87,9;94,3;80,6
Gonzaga;16,5;17,3;17,6;12,4;35,9;27,7;47,1;57,5;54,5;59,7;71,4;78,9;75,8;67,8;80,5;79,2;91,1;85,3;76,9;88,7
Gouveia;54,3;66,5;56,0;59,0;57,6;49,4;48,6;42,3;46,0;52,3;65,1;64,1;74,7;55,4;76,6;79,4;79,7;77,7;90,8;89,4
Governador Valadares;45,7;45,1;47,2;44,6;45,2;50,6;53,4;52,0;50,7;48,9;51,3;58,0;58,6;61,4;63,0;66,8;63,1;60,6;68,7;71,9
Grão Mogol;17,3;14,0;43,7;56,9;56,5;55,0;62,7;63,2;71,6;62,8;85,1;81,8;86,8;76,4;87,4;83,3;77,9;83,4;72,7;84,4
Grupiara;35,0;**;47,1;53,8;78,6;90,9;81,8;64,3;73,3;92,9;92,3;84,6;100,0;87,5;92,3;100,0;69,2;**;90,9;90,9
Guanhães;33,8;45,1;44,4;49,7;56,1;54,4;62,5;71,9;68,3;77,1;79,5;78,5;81,6;83,6;80,8;85,1;88,6;80,4;83,5;87,2
Guapé;41,7;42,8;46,3;53,6;51,6;72,0;65,7;68,2;63,9;69,2;79,4;90,3;91,7;87,7;85,6;84,5;82,2;81,2;79,9;83,8
Guaraciaba;20,0;24,0;24,5;42,1;45,5;39,5;58,6;62,8;59,6;68,7;88,7;74,0;69,3;73,9;72,1;80,0;78,9;81,0;71,3;72,0
Guaraciama;38,7;33,3;34,4;46,5;34,6;43,9;53,9;73,2;57,0;66,1;74,2;84,8;87,3;83,9;87,0;90,8;89,7;82,0;85,2;85,5
Guaranésia;38,3;47,5;47,9;49,8;46,3;46,5;65,8;54,8;54,2;68,2;75,8;74,6;78,8;72,7;79,0;88,1;82,3;81,2;80,3;80,3
Guarani;56,5;49,2;63,3;68,6;71,4;72,2;80,2;88,8;88,0;87,3;100,0;91,1;92,9;80,5;85,6;88,5;80,2;82,0;87,8;90,5
Guarará;72,6;70,2;82,4;66,7;79,6;83,3;66,7;52,8;73,5;64,7;88,6;83,8;66,7;56,3;65,0;60,5;77,4;69,4;82,9;80,6
Guarda-Mor;**;47,5;57,8;49,4;60,4;50,9;68,6;47,8;54,3;64,2;62,0;72,9;69,2;60,9;67,3;66,3;69,0;64,6;77,5;64,7
Guaxupé;63,5;63,9;81,8;83,5;84,9;87,8;87,4;89,6;90,6;90,5;94,8;92,1;91,0;91,1;92,5;91,5;93,8;94,5;95,0;94,9
Guidoval;70,6;63,0;67,6;78,7;67,5;74,3;79,5;73,6;84,3;77,5;78,9;75,7;71,6;65,6;72,9;80,5;69,0;84,8;76,8;90,9
Guimarânia;20,0;33,7;37,0;35,1;47,4;57,4;72,9;63,2;64,0;70,3;70,5;78,1;79,7;73,2;87,7;84,4;84,0;87,1;86,2;92,5
Guiricema;41,2;31,9;36,7;49,0;78,9;78,6;48,6;63,6;68,0;72,1;83,0;80,0;79,6;70,4;71,9;72,9;81,1;75,7;74,6;68,4
Gurinhatã;47,3;56,9;54,0;60,9;61,0;63,8;56,9;51,9;57,8;60,4;66,7;65,9;53,8;86,0;76,5;87,5;57,1;80,6;83,3;83,9
Heliodora;27,4;46,7;49,2;64,7;70,8;63,2;61,0;70,0;71,2;60,9;79,2;76,7;81,6;90,9;73,5;83,0;84,7;79,7;83,6;86,9
Iapu;13,3;26,6;26,8;42,7;46,0;58,2;54,5;61,2;66,7;54,8;61,3;74,3;63,3;78,2;87,9;87,0;87,1;86,9;80,7;79,8
Ibertioga;56,4;44,0;55,8;60,0;70,5;68,2;71,0;70,6;52,6;61,8;69,5;68,5;74,1;76,7;70,5;80,8;77,5;77,3;77,3;82,1
Ibiá;63,7;72,4;77,0;75,7;75,2;67,6;72,2;74,3;75,7;72,4;75,5;75,3;71,1;61,4;73,4;65,8;72,4;68,1;78,1;81,1
Ibiaí;22,2;18,1;11,3;23,0;22,2;21,6;32,5;22,4;29,6;36,0;68,7;66,4;72,0;76,4;80,9;80,5;72,7;78,1;72,6;78,4
Ibiracatu;0,0;12,1;13,4;8,9;31,6;26,3;34,1;55,8;44,4;63,9;72,9;77,5;84,3;82,4;91,6;76,3;80,7;72,3;82,8;79,5
Ibiraci;39,2;36,5;35,3;56,3;58,5;51,7;60,1;71,3;76,3;66,9;78,4;76,9;68,1;78,0;75,9;68,8;68,5;77,2;81,0;69,3
Ibirité;39,5;39,5;45,9;39,8;64,3;64,5;65,8;70,1;70,7;72,7;69,2;70,2;70,2;70,2;68,6;73,2;72,7;74,3;75,6;77,5
Ibitiúra de Minas;56,5;63,4;81,8;73,2;77,1;87,1;73,0;84,8;77,5;85,7;70,4;91,4;90,3;74,3;79,4;80,0;82,8;86,8;75,8;84,4
Ibituruna;25,0;44,3;33,3;53,8;55,3;46,9;48,7;71,4;62,9;59,5;77,1;77,3;80,0;72,7;75,0;67,9;68,4;75,0;75,0;77,8
Icaraí de Minas;**;10,7;7,6;17,8;21,4;27,0;29,3;43,1;46,9;46,6;58,5;53,8;56,4;63,0;81,2;81,8;80,0;76,8;73,6;83,6
Igarapé;24,2;27,9;49,6;52,5;53,6;53,2;62,5;59,3;64,0;74,1;73,9;74,2;75,7;69,6;71,4;71,6;71,9;77,0;81,7;80,3
Igaratinga;21,4;42,0;53,2;60,0;59,2;59,6;48,1;57,4;63,6;68,7;67,6;69,1;70,3;68,4;76,9;73,9;81,1;81,5;84,6;87,0
Iguatama;55,2;45,9;44,9;56,5;64,9;61,4;70,5;68,9;71,3;73,3;80,8;89,9;96,9;69,8;86,2;80,8;69,5;75,3;82,6;90,1
Ijaci;41,8;57,0;49,5;45,8;60,2;69,8;77,9;81,9;74,5;72,4;74,3;67,9;86,8;87,7;81,7;74,7;82,1;86,3;87,5;78,7
Ilicínea;8,2;39,8;19,1;49,2;76,1;77,6;84,1;77,8;76,4;69,9;77,9;83,0;90,6;86,3;82,1;93,0;85,3;85,1;90,3;92,9
Imbé de Minas;31,4;24,1;50,0;45,3;39,3;53,7;35,9;22,5;21,3;37,5;64,9;54,3;53,0;72,4;60,5;56,8;63,3;69,8;67,0;75,3
Inconfidentes;33,3;57,6;60,5;64,0;75,0;78,9;91,0;75,3;69,3;88,6;81,7;65,2;70,3;72,9;82,7;90,9;76,6;79,4;81,3;71,2
Indaiabira;13,7;4,4;7,1;16,1;21,6;33,3;50,5;47,6;52,3;64,7;77,3;82,6;81,3;75,3;93,2;83,8;92,9;76,7;79,1;88,6
Indianópolis;56,4;34,8;63,6;65,7;79,4;65,1;60,0;72,3;74,4;65,4;76,6;76,8;87,9;65,1;72,2;71,1;77,4;83,3;76,1;80,3
Ingaí;46,0;44,8;64,9;64,7;51,6;57,6;85,2;70,6;83,3;66,7;66,7;78,4;82,8;89,7;82,4;88,9;91,7;76,7;85,2;81,5
Inhapim;18,6;15,9;21,2;38,8;50,2;63,9;45,3;27,1;21,2;32,8;67,7;67,1;71,5;80,6;83,3;77,7;74,4;71,9;72,3;72,7
Inhaúma;33,0;27,3;25,5;30,5;41,7;52,2;63,8;54,9;46,3;46,9;53,7;66,7;58,1;76,1;68,8;70,1;80,0;79,5;85,7;80,3
Inimutaba;57,0;66,7;75,6;60,3;53,0;54,0;57,5;50,5;59,2;51,9;59,5;89,1;81,4;93,1;86,8;87,0;89,6;83,3;83,1;79,0
Ipaba;27,6;31,2;27,1;21,4;24,8;32,5;55,3;30,9;38,2;38,3;48,0;50,5;59,2;60,8;65,0;60,0;60,8;55,3;57,1;60,3
Ipanema;36,3;38,8;47,5;35,1;44,3;41,6;54,9;45,4;48,6;46,3;71,6;74,3;70,1;70,9;74,0;76,2;72,3;72,6;66,8;74,6
Ipatinga;29,3;39,8;36,5;49,5;54,2;43,3;50,3;55,0;61,1;61,8;60,1;71,6;69,0;71,9;72,8;73,3;73,8;76,4;76,4;80,4
Ipiaçu;65,0;62,1;77,8;72,0;80,4;85,7;92,9;97,5;86,0;73,9;79,5;69,8;70,7;55,6;55,9;72,7;65,0;63,9;72,2;85,2
Ipuiúna;69,5;63,5;69,6;62,5;41,4;42,9;69,3;58,2;63,1;65,9;73,9;70,5;70,4;67,0;87,5;86,3;87,8;88,2;84,4;81,4
Iraí de Minas;26,7;36,2;57,1;72,5;86,2;86,0;78,1;83,5;92,3;92,5;68,4;62,9;51,1;52,3;69,1;74,4;75,0;75,3;65,3;72,7
Itabira;11,6;31,6;41,4;48,5;66,4;77,5;74,5;73,2;78,0;75,5;75,0;76,3;73,4;72,4;75,8;76,5;79,3;82,3;84,6;84,2
Itabirinha;33,5;40,3;32,9;50,3;36,8;38,0;26,1;34,3;33,1;26,4;76,2;80,9;63,4;58,9;71,4;78,5;87,7;80,0;76,1;66,2
Itabirito;4,2;11,5;26,7;22,0;35,6;35,5;37,5;44,2;50,3;65,6;66,0;76,3;84,1;76,9;77,5;76,5;76,9;80,3;84,3;81,6
Itacambira;24,0;12,3;15,2;20,3;22,7;55,9;53,3;58,6;61,5;65,5;82,6;72,9;64,0;66,0;74,0;60,4;64,3;71,1;62,9;59,1
Itacarambi;20,8;32,1;34,1;43,8;61,6;59,9;58,8;54,3;60,1;56,9;69,6;76,7;74,3;66,5;76,4;78,7;73,3;73,4;77,9;73,8
Itaguara;49,0;48,5;56,5;65,4;81,5;77,0;78,8;80,7;77,6;79,5;80,2;90,5;93,9;88,6;85,3;85,7;92,9;94,0;93,3;91,5
Itaipé;6,6;9,3;10,9;21,7;23,8;18,6;18,2;18,4;30,0;25,3;27,1;41,8;48,1;52,9;60,1;61,1;68,5;58,2;73,3;69,8
Itajubá;64,2;61,2;56,8;63,3;63,4;63,5;65,8;72,0;69,8;73,8;73,4;74,7;75,8;78,2;78,8;79,8;78,8;81,5;74,8;79,8
Itamarandiba;13,6;10,3;11,9;13,6;14,1;17,7;29,2;32,2;45,2;43,7;47,0;49,9;72,5;76,2;84,1;87,2;88,4;88,2;94,0;87,9
Itamarati de Minas;58,8;28,2;45,2;48,6;53,5;73,2;55,3;61,5;61,5;68,4;69,4;66,1;73,6;84,4;77,8;74,2;85,0;86,8;86,3;75,7
Itambacuri;19,6;12,5;15,1;17,1;24,9;26,1;33,3;43,2;46,5;41,4;50,6;51,2;52,8;49,9;60,8;62,1;53,2;57,8;54,8;64,6
Itambé do Mato Dentro;**;28,6;30,4;25,9;**;63,3;62,9;24,0;66,7;66,7;74,2;82,6;92,3;61,5;83,3;50,0;50,0;63,2;73,3;90,9
Itamogi;49,6;43,6;59,5;64,6;69,1;68,7;77,1;76,3;74,3;84,9;74,8;81,7;90,6;87,8;81,9;87,0;88,2;90,6;87,6;80,3
Itamonte;98,1;98,4;98,3;98,6;95,1;89,6;80,1;77,2;85,5;90,3;89,2;83,9;87,2;84,9;83,6;89,3;85,6;88,5;91,9;87,3
Itanhandu;72,4;68,7;73,7;68,5;72,0;63,4;71,9;84,2;94,0;96,3;90,0;87,1;95,2;85,6;90,2;93,7;89,6;90,6;95,2;91,0
Itanhomi;31,8;35,6;54,7;65,4;49,5;48,8;41,6;57,5;62,1;60,5;72,7;81,6;62,8;60,2;70,6;75,7;69,3;70,6;72,8;67,6
Itaobim;9,3;14,5;14,3;18,0;21,8;23,4;35,6;40,5;42,2;41,9;59,6;71,9;68,5;77,8;81,2;84,2;82,8;81,1;88,7;86,2
Itapagipe;68,3;66,7;72,3;65,4;69,6;86,8;91,1;93,1;86,0;80,8;93,2;86,9;85,7;88,2;79,8;89,3;84,6;81,7;79,3;83,0
Itapecerica;38,6;32,3;55,4;85,0;69,7;87,9;83,7;84,5;80,3;83,0;84,8;86,4;87,6;70,7;77,4;86,1;80,0;84,9;83,0;84,8
Itapeva;60,6;72,4;69,4;78,7;80,2;81,3;74,7;83,8;82,7;82,4;89,0;76,1;74,4;73,1;82,0;79,0;70,2;68,3;69,9;87,2
Itatiaiuçu;**;4,1;**;**;3,9;**;11,1;9,8;11,4;35,5;73,5;70,3;72,9;78,8;82,1;88,2;86,3;89,7;88,9;83,7
Itaú de Minas;41,8;34,0;42,3;81,2;83,5;84,2;83,8;81,5;84,2;82,1;82,7;86,1;82,3;77,7;81,1;88,0;82,9;89,2;85,2;84,2
Itaúna;2,8;4,1;2,4;3,7;5,4;3,8;15,5;9,2;12,2;38,6;65,7;67,0;67,9;61,7;66,1;71,0;71,2;77,3;78,9;80,0
Itaverava;32,2;22,1;38,5;47,5;46,8;40,9;61,7;57,6;60,5;40,7;69,8;69,8;53,2;83,3;91,1;91,4;80,0;70,3;75,9;72,9
Itinga;54,7;11,0;20,1;17,1;13,9;19,3;16,7;27,0;19,9;40,9;36,6;55,2;50,7;75,2;80,7;74,3;73,9;76,3;76,3;82,2
Itueta;40,0;47,8;45,2;42,5;46,2;56,1;60,5;55,1;44,9;47,1;48,5;57,5;75,0;65,9;58,4;68,2;65,3;67,0;51,4;62,2
Ituiutaba;61,3;77,2;62,8;64,0;80,2;72,9;63,9;62,0;71,1;67,5;69,0;65,1;61,1;65,3;68,3;69,4;67,7;78,3;84,3;88,1
Itumirim;45,9;49,4;43,5;41,1;52,2;51,3;66,7;71,8;80,5;82,0;83,3;88,1;86,1;77,9;88,2;84,0;76,4;83,9;76,2;81,9
Iturama;39,8;45,5;50,2;56,2;44,2;50,0;59,5;52,0;45,7;41,4;59,5;72,9;79,7;72,0;75,6;74,6;79,5;81,6;84,8;87,1
Itutinga;46,4;50,0;45,8;43,8;37,8;42,0;70,0;77,8;82,5;80,0;82,9;83,3;87,1;88,0;71,4;87,0;80,0;86,1;76,9;79,5
Jaboticatubas;21,3;39,5;40,7;46,7;41,6;37,8;52,2;51,1;55,8;58,8;60,0;61,0;61,8;70,7;75,3;73,7;71,8;66,2;72,9;74,1
Jacinto;16,8;30,6;19,5;11,2;8,5;22,7;30,9;48,0;59,5;54,4;74,4;77,1;82,8;66,9;80,7;87,0;81,2;83,7;85,1;77,8
Jacuí;61,2;66,7;67,5;75,3;79,1;67,0;78,5;77,1;82,8;83,8;87,7;85,5;87,1;81,6;87,3;88,2;83,1;84,6;89,4;82,2
Jacutinga;57,8;57,1;49,1;42,2;48,0;46,1;47,3;54,8;53,3;65,3;61,6;66,7;69,4;77,0;78,6;81,6;69,3;67,3;58,1;64,3
Jaguaraçu;16,1;25,0;41,7;44,4;29,2;51,5;44,4;55,6;65,2;63,6;58,7;55,2;80,0;66,7;51,4;75,8;65,6;69,0;69,2;75,8
Jaíba;37,0;28,0;34,3;36,7;53,2;58,1;46,1;52,1;46,8;45,2;53,0;51,6;65,9;56,3;70,8;74,0;69,9;70,2;67,1;71,8
Jampruca;15,0;26,9;26,5;33,7;37,5;28,4;47,1;36,4;13,3;44,3;39,7;43,4;62,2;61,5;52,4;65,6;77,8;78,2;74,5;84,9
Janaúba;24,9;24,2;25,4;42,9;40,8;50,6;61,1;63,8;63,7;66,3;72,9;71,9;75,2;75,4;79,5;81,6;80,3;80,9;80,3;80,9
Januária;14,1;21,4;49,8;23,3;31,1;42,6;65,1;45,9;36,8;43,6;40,2;47,9;41,4;38,9;46,0;48,2;44,3;49,7;46,2;49,4
Japaraíba;66,0;72,5;66,0;59,3;71,9;76,8;66,7;76,0;69,1;76,3;83,1;80,4;77,2;95,1;85,4;83,3;75,0;83,6;88,9;90,0
Japonvar;15,8;22,4;26,0;47,3;45,0;30,4;34,2;44,1;49,5;53,2;67,7;77,3;80,2;85,0;86,6;82,4;77,4;81,3;81,7;92,6
Jeceaba;71,2;39,2;54,8;79,1;56,0;58,3;64,5;73,2;79,4;73,8;75,5;87,3;84,3;92,1;90,9;75,3;85,1;88,1;83,9;91,0
Jenipapo de Minas;20,8;**;11,0;34,7;32,5;23,7;37,1;57,6;44,2;50,8;74,2;67,4;76,9;88,2;77,8;84,9;81,0;84,3;71,8;85,3
Jequeri;36,6;28,7;31,6;38,1;30,7;31,0;43,5;48,6;58,8;51,8;68,3;63,4;67,3;64,0;61,1;53,3;66,1;74,4;63,1;71,0
Jequitaí;35,4;40,5;25,6;34,8;37,6;46,2;40,0;33,7;39,0;54,8;65,6;80,5;83,7;90,4;86,5;89,4;67,5;75,8;70,5;76,7
Jequitibá;15,2;18,1;29,9;26,4;21,1;25,9;26,8;26,7;31,7;48,3;55,0;61,5;49,0;61,4;63,2;72,7;75,9;76,6;77,2;82,3
Jequitinhonha;5,8;6,5;8,0;7,3;10,5;10,0;17,0;18,6;21,5;28,2;31,4;54,5;60,8;69,0;83,3;91,5;83,6;79,9;79,3;76,8
Jesuânia;62,7;61,4;65,3;76,4;68,1;58,3;74,0;69,0;58,9;71,0;75,0;58,7;34,0;63,5;61,7;80,3;80,0;76,2;69,1;76,0
Joaíma;12,7;9,9;12,0;19,7;16,0;17,6;13,0;17,4;19,8;21,1;27,6;45,5;44,3;50,5;74,8;64,4;58,4;49,7;50,0;65,1
Joanésia;32,4;27,3;15,5;18,8;21,3;20,9;51,1;41,8;56,9;63,3;57,8;57,6;71,4;66,7;85,7;76,3;68,9;76,5;84,4;86,0
João Monlevade;55,0;59,6;64,3;70,0;59,6;69,0;66,5;65,4;55,4;57,6;59,5;69,5;81,9;80,6;77,6;79,7;81,1;80,5;83,2;86,0
João Pinheiro;39,0;27,2;31,4;36,0;33,5;28,8;40,1;30,6;39,8;42,8;54,1;55,1;50,2;61,3;70,7;70,0;73,7;71,2;69,1;69,8
Joaquim Felício;24,1;38,5;43,5;45,0;35,6;20,0;47,7;17,7;22,0;20,9;40,4;53,2;67,5;66,7;82,9;77,1;62,9;70,8;88,9;77,3
Jordânia;15,7;6,6;12,1;12,9;7,3;27,2;19,9;46,2;49,3;47,4;57,4;74,8;80,2;71,8;64,8;76,4;64,3;59,8;59,3;55,5
José Gonçalves de Minas;22,1;6,8;36,8;36,4;66,1;35,7;28,6;37,8;26,9;20,6;24,1;43,9;40,7;42,4;72,1;76,7;82,4;75,0;70,0;74,3
José Raydan;22,1;20,0;21,6;16,7;14,9;29,5;35,7;35,3;39,3;20,5;45,2;52,4;48,4;55,4;78,0;70,7;62,7;51,1;52,0;51,1
Josenópolis;14,9;14,3;31,3;54,9;51,7;48,2;35,1;39,1;47,7;63,8;70,4;47,1;78,6;75,9;93,5;82,9;87,5;90,9;87,1;82,1
Nova União;32,6;66,2;65,0;54,1;53,7;47,5;60,0;54,7;61,3;47,1;61,4;81,4;74,2;79,3;78,8;63,2;68,4;70,7;77,6;73,9
Juatuba;40,6;26,4;31,9;33,0;52,0;46,9;56,5;45,5;45,6;55,4;53,3;60,1;69,9;69,3;73,8;71,8;77,7;82,1;83,5;81,6
Juiz de Fora;65,1;67,6;62,7;71,7;75,4;74,8;77,7;79,0;80,6;76,6;77,6;74,9;73,2;72,8;74,9;74,9;75,5;78,1;79,2;79,0
Juramento;25,0;38,0;47,3;53,8;54,0;55,9;54,0;51,4;59,3;59,5;65,9;60,4;86,0;77,6;76,9;65,9;81,4;60,0;54,0;72,5
Juruaia;87,0;84,9;87,7;86,7;83,3;91,2;90,1;97,5;96,2;91,8;89,0;96,3;94,1;97,7;92,6;95,5;89,8;87,6;89,4;87,8
Juvenília;**;20,9;28,8;27,0;23,5;22,8;22,0;15,3;26,9;36,7;25,7;47,2;63,6;55,7;62,4;76,4;71,4;54,0;83,6;85,7
Ladainha;7,5;12,8;7,8;18,3;23,2;26,5;22,5;22,4;26,6;35,7;41,6;43,8;45,1;52,6;61,6;60,4;63,8;64,0;64,1;72,5
Lagamar;32,4;23,2;37,9;42,4;53,1;51,5;54,4;65,8;57,7;58,0;58,5;58,8;77,8;78,8;63,6;79,7;80,4;78,0;76,6;84,8
Lagoa da Prata;68,8;78,6;74,0;75,9;79,6;80,1;78,4;78,6;69,4;83,7;88,9;78,9;78,3;76,8;81,1;78,7;78,5;82,3;79,8;81,9
Lagoa dos Patos;20,3;25,6;30,7;37,0;45,3;49,1;50,0;48,4;27,6;42,2;53,7;47,4;59,1;69,8;62,2;60,0;48,1;65,8;68,1;66,7
Lagoa Dourada;27,7;23,8;30,3;29,7;44,4;31,1;45,3;52,5;51,5;41,1;55,4;60,1;49,6;36,8;46,4;61,3;56,8;63,8;58,5;62,1
Lagoa Formosa;30,0;37,9;35,4;41,3;41,1;59,8;52,5;54,1;73,9;64,1;70,9;70,9;76,0;80,5;80,3;80,9;78,3;83,0;81,7;80,7
Lagoa Grande;45,5;26,2;35,0;46,0;31,6;30,8;41,3;33,3;41,0;41,0;42,3;67,0;74,7;67,0;59,5;68,2;72,2;71,0;64,4;75,5
Lagoa Santa;42,7;44,2;56,9;51,6;58,6;59,8;60,1;63,5;71,5;71,9;69,7;72,4;73,2;76,9;74,0;75,6;69,2;75,0;77,8;79,9
Lajinha;42,1;79,3;71,4;75,4;78,6;66,9;75,3;58,5;74,7;65,8;74,3;74,8;60,4;72,1;74,6;67,6;63,7;66,0;70,8;64,8
Lambari;60,1;68,9;67,4;66,8;64,3;60,4;78,6;69,1;61,1;77,4;78,8;71,7;69,7;81,3;79,2;84,7;90,6;85,5;71,9;82,5
Lamim;36,2;25,9;48,7;42,0;32,8;36,2;56,2;56,9;53,3;55,3;80,9;83,0;81,1;67,7;87,1;81,6;79,4;81,8;85,2;83,3
Laranjal;35,6;49,1;36,2;52,2;57,6;52,3;88,1;66,7;72,2;73,3;66,7;84,1;87,8;91,2;67,6;73,9;80,6;77,8;70,8;68,4
Lassance;17,3;10,4;13,6;49,5;89,1;80,2;69,9;53,0;56,6;52,2;57,8;71,6;63,5;55,7;70,1;74,2;74,6;67,6;62,9;64,2
Lavras;56,3;55,8;57,9;51,9;57,4;63,2;66,8;63,9;67,6;67,2;68,0;73,3;75,9;73,6;71,8;71,5;74,8;73,7;76,3;76,5
Leandro Ferreira;**;18,8;45,5;37,1;51,5;31,3;43,8;41,4;28,1;65,5;61,5;64,7;66,7;76,9;75,7;68,8;82,1;64,5;75,9;70,8
Leme do Prado;32,6;**;23,5;42,7;47,0;33,3;25,6;37,1;42,9;61,1;60,4;77,0;80,0;77,4;94,2;79,6;77,6;76,5;82,2;89,2
Leopoldina;87,8;80,5;66,3;66,6;68,9;67,7;73,2;79,2;78,6;78,5;79,2;78,0;70,6;68,3;71,2;70,8;71,4;71,6;81,4;80,2
Liberdade;75,0;47,9;46,7;60,8;48,5;48,4;60,0;50,0;73,3;76,3;80,5;77,4;81,1;83,3;61,9;63,3;75,0;57,1;76,7;70,7
Lima Duarte;55,6;70,0;73,8;66,1;67,1;72,5;73,3;64,7;69,2;75,2;76,0;75,4;76,4;69,7;73,6;75,6;64,1;78,0;77,0;84,5
Limeira do Oeste;22,1;38,7;52,9;71,9;60,8;60,0;70,9;58,8;49,1;44,6;69,1;56,2;87,3;76,3;71,7;68,6;77,5;83,8;86,1;92,2
Lontra;14,4;14,9;28,9;31,9;30,8;41,0;49,1;54,8;52,8;63,2;70,7;84,9;86,7;79,2;84,0;76,7;87,9;88,6;86,0;89,8
Luisburgo;20,8;54,5;59,5;64,0;76,0;64,5;78,8;86,2;67,0;65,1;76,3;83,1;85,9;79,2;84,6;81,6;81,0;88,3;85,1;96,5
Luislândia;16,7;8,3;12,6;19,3;20,0;22,1;31,7;46,3;39,4;50,0;50,0;68,3;69,6;71,6;72,9;62,0;53,3;70,6;84,6;86,3
Luminárias;31,8;41,9;47,7;45,3;54,4;55,4;53,4;55,9;66,7;67,3;59,2;80,8;73,2;84,4;80,0;85,5;73,6;69,0;82,5;82,1
Luz;27,1;45,8;41,0;45,1;48,5;59,3;63,9;50,8;57,9;67,2;70,2;65,7;59,1;74,9;82,1;79,6;78,5;86,7;82,3;78,6
Machacalis;25,6;34,1;27,5;44,4;32,2;26,9;34,1;26,4;26,3;33,3;74,5;93,6;95,1;87,8;93,9;92,6;88,1;88,6;79,6;82,1
Machado;46,1;49,6;45,3;43,9;40,8;48,5;41,0;55,5;53,8;65,3;66,3;72,5;81,1;80,2;81,5;80,7;81,1;80,1;73,9;83,6
Madre de Deus de Minas;29,9;40,0;39,7;56,7;42,9;33,3;47,8;55,8;45,7;48,9;60,4;55,8;67,3;87,2;77,1;83,7;78,6;85,0;81,4;84,3
Malacacheta;19,9;16,7;17,8;18,5;17,0;16,8;19,1;19,0;24,1;19,9;25,9;44,9;50,8;49,1;54,4;75,6;77,0;77,7;81,0;81,0
Mamonas;**;17,0;17,8;20,0;62,7;73,8;90,5;83,3;82,5;82,4;87,3;90,6;86,4;86,4;87,2;98,4;90,3;95,4;87,7;94,6
Manga;7,1;6,6;6,6;26,7;47,0;49,5;46,3;47,0;65,3;66,8;79,9;89,3;77,2;80,6;79,2;88,3;84,8;76,5;85,7;85,6
Manhuaçu;37,3;54,3;64,1;73,5;81,7;70,0;82,7;90,1;68,4;60,5;69,3;72,2;73,3;72,7;76,8;74,0;78,4;82,6;82,4;83,3
Manhumirim;75,8;32,0;33,9;46,5;45,6;32,7;40,3;58,7;78,4;65,4;82,0;52,1;46,3;52,4;54,6;65,6;74,2;76,9;73,1;72,6
Mantena;52,6;48,0;49,0;57,7;59,5;62,0;42,8;48,0;54,4;53,5;85,9;86,0;72,4;66,0;66,8;67,4;69,8;73,9;75,1;78,1
Maravilhas;6,8;46,4;39,8;51,3;56,5;52,5;46,6;51,6;54,2;53,8;61,8;61,4;85,3;71,4;68,4;60,8;75,3;68,7;78,2;75,6
Mar de Espanha;58,3;53,8;65,7;61,4;70,9;55,6;70,7;63,3;68,6;64,8;68,6;67,4;50,3;68,8;74,8;72,5;83,2;79,9;70,5;84,1
Maria da Fé;51,0;51,9;58,2;67,1;60,5;68,4;71,0;70,1;82,2;72,7;80,3;76,6;82,4;80,6;77,6;79,5;82,5;80,0;74,3;83,8
Mariana;25,3;27,4;32,8;41,6;34,1;41,8;44,8;48,2;50,6;60,0;55,4;69,7;76,1;78,4;67,6;77,3;80,1;84,5;86,8;88,3
Marilac;8,3;22,5;31,3;29,6;35,9;20,5;29,1;33,3;41,7;44,7;38,3;43,1;47,2;74,1;47,6;58,0;58,0;62,7;55,6;58,3
Mário Campos;34,6;48,0;46,8;39,5;52,7;48,5;52,3;51,5;59,8;53,3;62,4;57,3;62,9;63,9;80,5;82,7;85,8;85,6;87,0;81,3
Maripá de Minas;87,1;73,3;90,5;76,2;60,0;87,9;71,4;60,7;61,8;74,1;86,1;77,1;76,9;72,4;77,3;91,9;85,3;96,9;78,3;89,7
Marliéria;21,8;21,1;40,3;27,8;57,1;53,6;60,8;54,7;65,5;82,9;65,8;83,7;71,9;31,1;67,4;56,1;55,3;62,2;56,1;75,9
Marmelópolis;18,6;21,4;47,9;52,2;65,4;47,7;46,5;57,1;64,4;88,2;83,3;83,3;77,5;83,9;93,3;76,5;86,1;92,3;90,5;80,0
Martinho Campos;33,9;23,8;52,7;51,0;44,4;48,0;36,5;42,7;41,0;55,8;59,7;57,2;62,7;69,8;70,5;76,2;72,5;71,6;77,1;80,3
Martins Soares;50,8;42,3;32,1;44,6;50,5;46,6;62,0;71,2;75,2;60,5;72,4;65,0;52,3;51,3;56,3;64,8;57,1;72,7;67,4;64,8
Mata Verde;11,8;12,7;18,8;22,1;21,5;20,3;20,5;30,1;43,0;26,1;44,8;73,0;63,1;65,8;86,0;76,2;62,2;67,0;71,1;77,9
Materlândia;32,1;35,2;59,4;83,8;65,7;70,3;64,8;66,7;71,4;78,5;73,1;72,9;87,9;88,1;82,4;93,0;87,2;83,9;97,4;94,7
Mateus Leme;29,7;31,3;21,5;38,4;38,1;25,2;37,2;35,6;38,1;58,0;48,7;62,4;66,3;67,2;69,3;73,2;71,5;73,3;84,9;81,3
Matias Barbosa;62,3;69,1;57,5;69,8;72,3;71,2;76,5;75,6;78,4;75,6;85,5;78,6;72,0;73,4;83,4;76,8;77,5;79,1;79,9;82,7
Matias Cardoso;4,8;4,2;9,1;12,2;31,0;38,6;33,7;48,4;41,3;47,7;55,9;78,0;76,5;75,5;82,4;77,8;69,0;59,4;76,4;73,0
Matipó;18,8;36,7;53,4;47,5;60,3;61,2;61,3;63,5;60,2;59,0;68,7;70,2;69,0;68,4;74,2;67,2;69,4;77,7;82,9;83,3
Mato Verde;43,3;67,2;49,6;48,8;42,7;48,7;59,0;58,0;64,6;74,5;74,3;86,1;84,7;84,8;82,0;90,3;83,8;83,0;84,3;86,2
Matozinhos;75,2;63,4;64,6;68,6;71,2;65,5;64,6;68,4;67,9;69,0;73,5;69,6;69,2;61,7;59,1;64,8;67,6;64,1;61,6;71,3
Matutina;46,2;80,0;90,7;89,8;83,7;73,7;80,5;77,8;79,5;75,0;81,1;57,1;80,0;54,8;69,2;73,5;80,0;77,1;74,3;71,9
Medeiros;55,8;75,0;72,3;57,1;70,3;40,5;57,7;61,5;63,9;50,0;88,9;75,0;68,6;88,9;74,1;91,8;90,2;88,1;81,8;82,9
Medina;14,1;17,8;26,5;19,7;21,8;14,0;22,5;24,3;33,0;27,1;35,1;56,1;55,8;52,9;66,3;64,4;65,2;66,8;78,5;71,5
Mendes Pimentel;43,3;58,1;49,4;56,6;45,2;52,7;57,6;52,5;62,9;41,8;63,1;76,7;71,9;63,5;71,2;74,2;76,8;82,4;73,8;84,0
Mercês;39,2;51,7;59,0;62,3;71,6;59,4;55,8;60,2;64,8;55,7;48,1;72,0;61,1;72,4;78,8;88,0;84,6;83,2;82,4;83,1
Mesquita;34,7;54,0;43,0;43,8;52,8;28,7;38,4;39,5;55,3;46,3;52,7;59,3;46,5;80,0;82,1;73,4;74,2;75,4;61,2;79,3
Minas Novas;14,9;10,8;14,0;16,3;21,1;21,7;26,9;23,2;23,3;28,6;28,9;42,4;56,2;67,8;71,3;75,3;68,7;66,2;76,2;83,0
Minduri;44,0;43,1;63,0;59,2;71,9;81,6;74,4;88,9;90,4;95,9;100,0;80,4;88,5;85,0;82,9;72,1;90,3;76,1;88,6;85,7
Mirabela;18,8;24,0;32,8;30,2;35,1;25,7;53,7;61,8;55,2;56,9;65,6;76,5;83,2;52,4;63,2;69,9;73,9;73,9;75,0;83,1
Miradouro;21,1;13,3;41,3;63,6;79,9;65,5;69,4;72,0;64,4;68,7;76,5;73,6;98,1;65,9;68,5;67,9;61,5;65,2;72,3;71,0
Miraí;26,0;38,9;22,1;19,7;39,6;48,3;41,2;47,5;52,3;49,1;89,1;82,0;60,0;75,0;78,5;77,1;60,2;76,8;70,1;73,2
Miravânia;**;**;8,5;16,9;32,2;35,4;27,9;36,4;60,3;20,5;38,5;29,3;48,2;72,1;92,6;95,9;83,1;78,4;61,4;82,7
Moeda;64,7;64,5;59,5;44,6;55,6;80,0;84,6;84,1;84,7;85,5;82,0;81,3;82,5;63,2;68,4;75,9;78,0;90,2;85,2;87,5
Moema;25,6;52,7;35,6;48,6;44,0;50,4;54,2;51,4;36,6;65,9;65,6;72,3;47,5;62,5;65,3;74,7;63,9;69,2;79,2;83,8
Monjolos;47,2;57,8;65,9;70,0;68,4;66,7;73,5;73,3;91,7;80,0;86,4;94,7;81,0;87,5;95,0;92,3;85,2;85,7;81,8;100,0
Monsenhor Paulo;58,5;63,2;41,7;57,7;57,8;60,2;65,3;54,0;46,3;63,1;75,9;67,8;80,0;81,0;74,1;83,7;75,9;88,1;76,8;90,6
Montalvânia;14,5;24,5;19,8;25,0;29,0;34,1;36,0;37,5;33,5;35,8;43,2;74,2;81,8;81,2;93,0;81,0;72,8;74,4;89,2;81,8
Monte Alegre de Minas;55,5;63,7;45,6;54,4;60,2;81,7;63,6;75,9;83,9;74,5;90,8;91,6;82,1;78,8;81,7;84,3;86,4;83,9;78,8;73,6
Monte Azul;8,9;44,7;49,3;57,3;66,3;59,5;72,2;79,5;82,9;81,1;87,2;89,8;87,4;89,2;89,0;89,3;84,1;90,0;81,8;92,5
Monte Belo;43,4;66,9;73,6;87,2;80,6;81,6;78,3;85,6;83,8;89,8;89,0;78,1;85,7;86,9;87,1;87,6;88,1;88,5;93,8;94,8
Monte Carmelo;31,2;34,9;50,1;66,3;80,9;80,0;79,3;75,0;78,2;76,4;78,2;78,5;76,4;71,0;69,7;74,3;66,4;77,3;78,3;84,8
Monte Formoso;8,5;14,2;28,6;14,6;10,9;20,6;20,0;9,2;17,5;23,9;45,8;48,3;51,7;72,7;81,0;67,6;70,8;65,0;74,1;71,1
Monte Santo de Minas;70,8;81,3;82,1;87,1;87,8;89,2;83,3;88,5;84,5;77,9;87,6;88,7;91,5;86,5;85,7;87,4;91,2;91,4;89,9;92,9
Montes Claros;36,3;36,8;39,4;49,3;53,0;54,1;53,5;59,6;63,2;62,4;63,3;65,9;67,4;67,9;70,0;71,0;70,7;71,8;74,8;76,2
Monte Sião;76,4;69,2;57,6;60,7;57,0;81,3;74,4;73,1;73,9;78,4;73,3;79,8;80,9;74,0;82,3;87,9;83,9;78,9;84,5;86,1
Montezuma;25,0;9,4;31,4;28,3;19,7;33,3;47,0;50,8;66,7;65,4;93,7;94,7;92,6;96,6;93,8;95,2;89,2;93,1;91,4;88,7
Morada Nova de Minas;31,5;48,3;64,0;67,5;57,3;46,0;58,7;58,0;68,3;55,2;62,3;70,9;68,8;67,0;68,1;72,2;76,5;76,5;67,1;66,3
Morro da Garça;50,0;75,0;66,7;56,8;60,9;67,5;58,5;61,8;81,0;75,7;71,4;81,5;76,7;86,4;84,4;74,3;68,6;68,2;79,5;86,4
Morro do Pilar;**;13,3;**;41,0;41,5;42,9;28,1;57,7;39,3;58,1;55,2;79,5;82,8;70,0;62,5;67,5;80,8;63,4;67,7;85,7
Munhoz;34,2;48,1;48,6;70,6;79,4;80,6;72,0;70,6;72,6;72,7;61,9;66,0;75,0;63,3;67,3;42,2;70,3;68,5;58,6;64,0
Muriaé;39,6;58,8;60,1;62,0;68,4;66,7;60,1;70,3;65,6;62,0;82,5;91,0;97,4;67,4;74,3;74,1;70,5;70,6;68,7;74,8
Mutum;36,5;41,6;47,3;58,5;83,5;81,3;76,1;68,9;52,4;44,0;37,5;67,8;73,9;84,9;91,0;86,5;85,8;88,3;85,8;82,0
Muzambinho;70,8;78,0;77,0;79,2;89,5;91,7;85,7;87,9;88,6;92,2;91,2;88,5;82,6;86,1;91,4;94,8;89,1;91,6;91,7;91,3
Nacip Raydan;14,5;**;10,6;20,5;**;20,0;18,5;70,6;50,0;70,4;69,0;78,9;61,8;62,1;81,5;78,6;88,0;43,5;54,2;62,5
Nanuque;49,9;64,9;45,0;44,8;59,8;53,2;46,4;55,3;44,2;75,7;70,3;64,1;77,1;77,3;87,3;86,0;84,6;87,3;76,3;73,3
Naque;30,8;26,0;35,8;50,5;38,5;17,0;40,4;28,2;40,5;46,4;59,2;70,9;72,8;67,0;75,9;78,8;74,5;71,4;75,3;74,6
Natalândia;**;39,5;39,0;37,0;24,4;15,2;36,4;28,9;41,4;55,0;55,0;52,2;49,0;62,2;85,4;90,0;78,7;95,8;78,0;86,5
Natércia;39,7;57,4;75,4;43,5;96,1;87,8;86,4;73,3;87,5;79,1;85,3;94,1;97,3;92,9;92,9;87,1;92,3;90,5;88,4;97,1
Nazareno;24,6;34,7;42,4;46,1;41,7;60,0;65,8;76,7;72,0;80,4;71,6;77,4;79,0;79,5;68,2;85,4;77,0;63,1;67,1;56,2
Nepomuceno;35,7;38,4;34,7;43,8;45,5;54,1;75,5;74,8;78,4;73,2;79,5;74,6;77,7;72,0;79,5;71,2;76,5;81,7;78,8;81,4
Ninheira;15,4;15,0;17,0;18,7;13,3;40,0;58,8;64,9;67,3;73,2;89,4;87,3;94,7;83,6;85,8;93,7;90,5;88,3;91,9;86,7
Nova Belém;32,0;25,0;42,2;47,9;49,3;31,5;37,5;32,2;45,8;47,3;80,0;83,6;52,1;64,4;52,3;83,3;85,4;86,8;68,1;88,2
Nova Era;37,4;51,1;46,2;43,5;53,8;68,0;66,6;72,2;70,1;72,0;69,6;63,3;74,1;80,3;73,5;83,5;78,9;85,7;82,3;88,5
Nova Lima;94,6;89,6;92,2;92,3;81,4;92,1;39,6;32,0;38,9;67,4;91,3;78,1;79,5;82,5;84,9;85,3;84,0;84,1;83,3;85,7
Nova Módica;19,4;8,7;**;18,4;22,0;34,7;41,3;43,8;60,0;50,9;54,5;51,2;68,0;81,6;63,4;83,0;73,9;76,5;47,4;72,7
Nova Ponte;50,9;56,4;54,6;52,2;44,1;55,9;83,0;93,8;67,3;81,1;85,5;83,1;92,5;84,8;89,2;91,2;87,7;88,6;87,6;90,6
Nova Porteirinha;29,7;26,0;31,5;64,4;44,9;45,0;56,3;61,9;56,5;66,4;62,4;70,5;77,3;60,7;84,8;91,8;86,0;71,3;78,7;85,7
Nova Resende;74,2;76,6;71,2;74,8;69,4;76,9;76,8;83,3;89,1;87,9;85,3;86,5;94,6;92,8;93,2;96,5;96,6;92,6;94,5;87,4
Nova Serrana;35,2;36,9;39,8;51,1;54,9;58,1;57,6;59,6;56,9;60,3;66,9;71,7;71,4;67,5;69,4;66,8;71,2;66,0;71,7;73,6
Novo Cruzeiro;5,6;7,1;12,6;15,2;20,1;11,2;16,6;22,0;34,0;38,0;58,1;60,7;55,1;51,0;64,4;62,0;70,5;67,8;69,8;76,4
Novo Oriente de Minas;10,3;4,9;5,4;18,2;21,1;24,7;31,9;18,5;35,4;41,5;49,6;47,2;53,9;31,0;50,4;61,9;63,0;59,1;66,2;73,4
Novorizonte;24,6;23,5;21,3;18,6;25,0;22,9;45,5;45,0;58,6;63,5;64,2;67,6;80,6;78,8;85,7;83,9;81,3;95,7;90,9;87,0
Olaria;32,0;60,0;62,5;70,8;81,0;70,6;65,6;72,7;47,1;82,4;77,8;66,7;57,9;81,3;73,7;100,0;100,0;81,8;80,0;88,9
Olhos-d'Água;36,8;27,5;21,4;38,4;25,0;31,1;38,6;38,6;39,0;32,9;39,3;50,0;56,0;52,9;71,6;49,4;71,4;56,5;73,6;82,9
Olímpio Noronha;55,8;69,8;64,6;60,0;74,2;57,6;71,4;80,0;96,0;83,3;88,9;85,3;88,9;80,8;87,1;84,0;71,9;83,9;88,9;91,2
Oliveira;17,5;16,7;17,7;25,6;51,3;63,2;63,2;68,5;70,0;65,6;68,9;83,5;90,5;86,6;87,5;88,2;89,4;90,2;91,1;90,2
Oliveira Fortes;73,7;78,9;57,9;61,1;53,8;86,7;72,2;66,7;**;60,9;72,2;60,0;75,0;92,3;81,3;83,3;86,4;100,0;81,8;82,4
Onça de Pitangui;**;26,5;23,7;15,2;41,4;53,3;39,3;22,2;59,5;44,0;76,7;72,2;71,0;70,4;70,8;76,7;64,7;74,3;82,4;76,9
Oratórios;57,8;30,9;22,8;48,6;51,4;56,0;58,0;50,0;42,4;60,3;75,0;74,6;74,6;74,0;80,0;66,3;76,6;82,7;71,6;76,5
Orizânia;37,9;64,6;72,4;59,8;70,7;59,7;68,5;59,4;73,7;70,1;80,0;68,5;69,4;73,3;82,6;80,0;78,4;82,5;82,6;85,5
Ouro Branco;78,0;66,7;43,8;51,1;67,6;79,7;76,0;77,6;79,8;79,2;79,1;78,7;76,5;77,2;78,1;79,4;80,6;82,4;84,0;89,8
Ouro Fino;24,2;25,7;23,1;35,6;39,7;39,7;43,4;39,3;45,3;71,4;60,9;62,5;64,1;61,7;65,0;69,6;68,8;73,4;71,4;77,4
Ouro Preto;37,3;32,9;40,5;41,0;38,3;44,5;54,7;62,6;62,1;73,4;75,5;78,4;79,1;77,8;76,5;77,6;75,0;81,7;82,4;82,7
Ouro Verde de Minas;13,8;8,7;18,3;14,4;9,4;14,6;20,7;30,4;31,6;41,0;50,5;52,3;50,0;54,4;65,3;62,2;64,4;58,7;65,1;61,8
Padre Carvalho;23,1;20,3;20,4;26,3;16,3;25,0;22,9;33,3;39,8;38,7;34,7;56,4;64,0;68,8;64,6;85,0;87,8;75,0;80,6;81,7
Padre Paraíso;8,6;10,5;10,0;6,5;15,7;13,2;21,9;22,9;27,4;26,8;40,1;56,8;72,8;63,4;65,6;71,5;74,4;64,4;66,4;71,5
Paineiras;36,0;37,5;53,1;39,3;58,5;53,6;60,8;47,7;63,3;50,0;57,8;56,8;58,1;78,1;56,3;68,6;80,0;74,1;81,6;82,4
Pains;53,3;59,8;76,1;69,2;81,6;90,5;78,0;73,1;79,6;83,3;92,3;86,7;87,2;88,7;82,5;84,4;87,6;80,5;77,5;88,7
Pai Pedro;9,7;16,1;15,1;22,4;24,5;30,5;41,2;53,2;76,3;51,6;58,1;70,0;68,3;75,7;84,5;83,8;72,7;85,5;80,0;87,7
Paiva;61,9;90,9;86,7;70,6;83,3;78,6;87,5;69,2;42,9;**;85,7;91,7;88,9;71,4;94,1;100,0;72,7;100,0;92,3;91,7
Palma;44,4;43,7;52,9;50,6;46,6;58,8;74,5;64,3;51,9;73,1;81,9;75,6;72,9;76,1;86,2;75,9;62,5;80,0;75,7;64,3
Palmópolis;**;**;**;9,1;21,6;22,9;40,0;52,1;60,0;65,4;68,8;82,7;85,1;83,1;85,5;90,1;82,0;76,8;83,1;86,3
Papagaios;15,2;38,6;51,2;53,5;47,8;56,0;51,9;46,8;42,6;52,1;59,5;73,7;67,1;79,8;65,4;66,8;69,5;76,3;80,0;86,9
Paracatu;25,1;26,7;25,9;32,8;35,5;40,4;40,8;49,3;54,8;76,4;91,2;89,3;93,9;71,7;75,1;79,0;78,6;79,5;83,8;84,4
Pará de Minas;9,2;56,3;61,1;58,4;65,1;67,0;68,5;63,8;61,1;69,0;79,8;74,8;78,4;79,8;77,5;77,0;78,6;82,4;84,2;87,8
Paraguaçu;59,6;61,4;66,4;74,3;79,7;65,4;63,1;65,8;64,2;67,1;71,2;75,9;68,4;69,1;70,0;74,0;81,7;80,7;87,7;90,8
Paraisópolis;52,5;51,4;47,6;65,9;79,4;80,0;74,0;77,7;76,9;81,6;87,8;61,4;72,8;66,5;72,0;68,1;74,9;70,5;75,2;75,6
Paraopeba;23,5;36,8;39,4;40,6;49,7;43,8;35,9;39,1;34,7;49,5;49,6;63,0;71,9;69,5;70,7;74,9;72,6;79,3;78,2;79,9
Passabém;0,0;21,4;20,0;17,9;56,0;45,8;**;81,8;80,0;83,3;88,9;81,8;75,0;68,8;94,7;66,7;61,5;100,0;88,2;90,9
Passa Quatro;81,5;71,1;82,6;79,3;85,2;74,1;66,7;67,0;74,4;82,9;92,2;95,7;94,0;92,1;87,7;83,9;80,2;92,9;95,7;95,8
Passa Tempo;40,2;48,8;62,1;52,0;67,5;60,9;62,0;55,8;62,7;61,8;66,2;75,7;77,1;59,3;58,5;65,6;59,6;46,9;70,1;76,8
Passa-Vinte;66,7;81,3;69,2;76,5;78,3;73,7;77,8;81,0;56,3;66,7;100,0;92,9;64,3;65,0;72,0;63,2;69,2;81,0;61,9;81,8
Passos;50,8;58,9;64,8;68,0;70,7;74,8;73,0;69,8;69,9;71,1;74,0;79,6;74,3;76,8;79,8;79,2;78,9;80,2;79,4;79,8
Patis;32,7;39,0;34,4;42,6;42,7;50,6;65,3;41,0;58,3;57,3;69,7;73,5;72,1;64,3;60,4;57,9;76,6;78,0;89,8;89,3
Patos de Minas;37,2;29,1;33,1;40,9;40,0;47,7;60,5;62,2;65,9;73,2;75,0;70,6;74,8;77,0;76,8;76,3;76,9;77,9;77,6;79,0
Patrocínio;57,8;50,5;47,7;52,4;48,9;54,2;58,6;50,6;65,7;65,2;75,5;81,8;78,8;82,8;82,9;80,8;76,6;79,4;84,2;86,4
Patrocínio do Muriaé;57,4;44,6;67,2;68,1;81,5;77,6;75,6;61,3;73,3;73,2;86,4;94,4;94,6;82,5;73,8;70,8;89,8;81,0;81,8;66,7
Paula Cândido;48,8;36,3;41,7;38,7;39,7;52,3;45,0;48,4;62,0;63,9;74,5;77,4;79,1;76,3;76,5;78,2;80,9;84,6;78,3;81,7
Paulistas;12,5;28,4;29,0;27,0;43,8;30,7;28,3;32,9;53,2;42,9;50,0;65,4;61,2;75,4;85,4;80,4;90,7;82,0;90,6;92,7
Pavão;16,0;20,2;23,9;24,8;26,2;18,2;42,5;42,7;52,7;52,7;65,3;55,8;58,1;51,9;70,2;60,0;60,0;61,6;57,3;54,0
Peçanha;4,5;3,2;2,0;3,4;5,4;9,4;9,2;47,4;72,5;74,9;79,4;84,9;64,2;87,8;91,5;89,6;83,2;77,4;70,7;72,6
Pedra Azul;26,3;34,1;35,1;31,8;18,8;18,3;32,8;45,5;56,1;49,2;57,7;74,4;76,3;69,9;73,0;77,8;75,0;79,6;78,6;87,7
Pedra Bonita;13,5;30,3;37,7;36,4;48,9;53,1;38,6;45,3;62,5;71,2;79,2;74,7;76,6;83,2;88,5;91,2;78,2;83,7;84,3;88,3
Pedra do Anta;36,8;45,8;51,1;41,5;38,0;45,9;53,5;67,7;63,6;60,4;70,0;66,7;86,5;89,2;78,6;83,3;88,6;87,1;90,0;90,5
Pedra do Indaiá;48,9;55,0;51,9;63,2;62,9;64,0;65,1;70,4;77,8;65,6;70,0;79,1;82,5;80,0;70,6;76,3;85,3;73,0;59,5;79,3
Pedra Dourada;87,5;78,9;100,0;89,7;93,9;100,0;94,4;88,4;85,7;100,0;88,0;91,7;70,4;87,1;85,2;87,2;85,3;79,3;82,8;84,4
Pedralva;60,4;52,5;54,5;58,5;66,0;68,6;68,6;74,5;70,9;77,2;80,6;82,4;82,4;85,5;81,8;82,0;80,0;81,2;78,2;82,0
Pedras de Maria da Cruz;11,1;16,3;42,7;31,7;31,8;40,6;55,6;58,1;58,3;60,8;61,0;62,7;52,5;71,8;76,0;85,6;72,0;73,8;66,4;66,1
Pedrinópolis;69,2;78,4;93,3;76,9;73,3;81,5;86,8;80,0;82,8;84,6;92,5;75,0;77,4;73,3;83,9;74,1;74,4;72,7;70,0;60,0
Pedro Leopoldo;41,4;34,1;32,4;35,2;49,9;55,3;52,9;52,0;57,3;66,4;68,9;61,0;60,0;60,5;54,8;59,1;66,1;69,5;69,0;73,8
Pedro Teixeira;40,0;52,0;56,5;64,3;64,0;66,7;75,0;46,2;67,9;69,2;55,0;70,6;72,2;80,0;63,2;88,2;84,6;**;73,7;87,5
Pequeri;76,5;56,7;58,1;78,3;66,7;60,0;54,3;60,5;52,0;58,8;72,9;88,6;80,0;66,7;84,4;78,0;95,7;92,6;88,9;92,3
Pequi;**;28,3;51,9;62,3;53,8;61,5;58,3;68,4;51,4;46,7;63,4;52,8;54,9;57,1;52,0;64,8;57,1;64,3;75,0;85,4
Perdigão;20,5;27,8;50,0;56,0;50,6;46,2;52,3;63,4;71,1;73,1;62,3;76,3;78,7;72,6;71,9;77,2;75,2;86,3;76,1;81,9
Perdizes;77,9;91,0;93,0;91,9;88,3;89,7;97,6;92,5;93,6;87,8;82,8;67,4;85,5;86,8;89,3;88,2;80,6;89,2;85,4;85,5
Perdões;34,6;45,6;64,0;70,1;74,5;79,4;71,5;78,7;75,0;84,9;87,5;83,9;91,0;84,0;86,1;86,7;82,0;83,5;76,7;84,4
Periquito;15,1;19,3;19,6;26,4;32,8;47,6;46,3;45,8;50,9;43,9;52,5;70,6;61,5;66,7;71,3;64,0;69,4;65,5;59,5;52,8
Pescador;10,4;15,0;17,4;20,7;27,0;32,8;36,8;32,8;49,2;49,2;58,3;49,2;60,6;75,0;68,0;77,6;84,6;66,7;66,7;77,4
Piau;46,2;55,3;45,7;41,4;63,0;52,0;70,4;79,2;66,7;61,5;68,8;58,6;84,2;73,1;85,7;81,5;80,6;75,0;86,4;85,7
Piedade de Caratinga;34,1;33,6;38,2;48,1;54,7;61,9;67,0;57,6;55,9;71,7;71,9;83,7;83,3;77,6;77,4;82,3;78,2;81,1;77,5;79,8
Piedade de Ponte Nova;32,3;23,3;27,0;37,3;48,4;54,3;67,2;64,5;58,0;70,5;67,3;78,0;77,8;72,0;78,0;83,7;53,7;74,4;76,6;68,3
Piedade do Rio Grande;37,3;61,3;67,2;50,9;59,3;61,4;60,9;65,2;50,9;66,7;76,0;79,5;74,5;78,8;75,0;77,1;88,1;87,8;86,3;86,4
Piedade dos Gerais;28,6;43,5;53,8;43,8;47,5;58,6;68,0;59,6;59,5;71,4;56,3;79,6;83,7;82,5;92,3;86,8;90,4;86,8;88,0;79,5
Pimenta;54,1;39,1;49,4;58,4;66,3;74,0;60,2;65,9;70,4;66,3;88,4;89,1;92,1;80,8;85,9;76,8;75,4;85,1;83,9;90,3
Pingo-d'Água;24,5;12,5;31,6;32,9;52,3;62,8;44,4;46,0;50,7;52,5;56,9;73,2;80,5;85,7;77,1;71,7;66,1;51,5;49,1;54,2
Pintópolis;**;13,5;20,4;26,4;27,3;26,7;41,5;39,4;54,2;50,0;61,2;67,0;66,2;63,8;72,1;70,1;75,3;77,7;79,1;81,6
Piracema;29,8;28,2;35,4;43,9;67,6;69,7;74,2;77,9;66,1;47,9;82,6;94,7;91,1;76,6;78,4;81,6;86,2;83,3;91,5;89,6
Pirajuba;61,9;55,6;85,7;63,9;48,9;61,3;64,1;74,5;70,4;71,2;73,2;78,0;71,6;68,7;85,3;79,3;80,0;78,0;87,0;73,2
Piranga;23,8;21,6;12,4;23,4;38,3;41,2;53,8;48,3;57,4;59,0;60,4;70,1;69,1;73,1;79,7;78,7;81,9;83,4;81,6;76,4
Piranguçu;59,1;44,8;57,1;61,0;51,0;62,9;78,0;81,0;77,6;86,8;68,8;82,4;76,6;72,5;75,0;90,6;95,1;90,3;96,7;90,6
Piranguinho;61,5;47,7;53,7;69,0;70,8;74,4;79,6;72,4;78,8;81,3;71,6;80,0;85,5;84,4;89,5;84,0;84,7;84,2;78,8;82,1
Pirapetinga;70,9;69,3;69,5;75,2;75,0;78,4;72,2;72,7;82,1;87,1;90,8;93,1;80,6;81,0;83,4;82,9;84,5;78,6;83,1;83,4
Pirapora;31,5;30,0;20,8;22,5;30,3;44,5;59,5;63,3;56,6;66,1;75,5;81,8;85,7;80,9;80,1;82,5;83,9;84,0;82,5;83,9
Piraúba;44,8;57,9;64,9;73,8;75,0;78,9;84,3;80,5;72,0;80,2;85,0;81,7;85,3;86,6;75,6;85,8;85,0;78,2;82,1;82,1
Pitangui;18,9;21,7;28,0;28,6;26,4;32,6;36,2;42,9;42,3;54,1;65,1;64,2;70,2;74,8;73,1;60,0;59,4;67,5;71,7;77,2
Piumhi;1,7;3,4;1,0;**;28,4;26,9;40,2;50,6;47,8;57,5;93,9;82,0;89,5;84,0;84,9;86,2;80,7;80,8;82,0;83,3
Planura;57,9;75,8;66,9;58,3;43,4;50,0;58,0;60,2;55,9;42,7;58,3;66,4;62,9;64,2;66,7;68,4;64,3;75,0;69,1;66,9
Poço Fundo;76,5;80,5;89,5;90,4;87,0;85,8;86,8;82,6;89,5;90,5;96,2;93,3;96,0;94,3;97,4;96,1;95,5;92,6;94,4;92,6
Poços de Caldas;69,6;69,5;68,2;64,8;60,3;62,9;63,1;59,6;60,9;57,3;68,7;72,3;72,0;71,8;79,7;80,5;82,9;82,1;85,0;84,2
Pocrane;18,5;25,6;45,4;53,2;66,1;54,3;50,5;35,2;42,6;36,4;84,4;84,4;73,5;70,8;77,9;95,3;82,7;56,3;66,1;65,1
Pompéu;23,2;28,9;30,6;50,8;57,1;46,8;45,5;33,4;27,6;31,4;34,8;50,0;51,5;53,3;59,3;66,7;71,3;66,3;68,0;74,4
Ponte Nova;62,2;56,3;59,8;71,2;65,6;64,9;63,4;61,3;58,9;68,1;75,2;69,4;72,1;67,6;70,1;79,1;80,6;77,9;76,7;78,0
Ponto Chique;**;12,0;12,7;11,3;18,4;41,5;31,1;37,7;50,0;49,1;62,1;69,8;66,1;62,1;75,9;61,3;78,9;75,9;74,5;79,4
Ponto dos Volantes;11,4;7,8;9,9;9,7;17,1;9,8;21,2;18,1;23,6;29,2;36,1;67,2;69,8;63,1;67,1;68,6;69,8;76,9;75,0;80,0
Porteirinha;25,0;20,9;19,2;25,7;33,8;40,1;68,0;68,0;72,7;59,1;75,7;77,2;78,0;66,0;76,6;83,0;79,8;81,7;80,8;80,5
Porto Firme;40,0;27,3;26,5;30,8;31,3;26,9;33,0;50,0;51,3;42,3;72,5;64,8;82,1;84,9;83,6;82,9;74,4;83,5;87,9;85,7
Poté;20,3;14,1;17,2;23,4;17,8;25,3;25,3;22,8;35,2;43,5;50,7;68,2;65,8;60,5;65,5;62,7;58,2;65,4;65,1;67,0
Pouso Alegre;66,3;65,6;62,5;66,4;70,2;67,3;75,7;70,6;76,2;78,7;78,6;77,6;75,4;75,4;76,0;76,2;78,1;76,8;80,0;82,2
Pouso Alto;36,4;49,3;51,5;52,6;71,2;74,1;85,5;66,7;78,7;77,1;84,0;70,6;81,3;85,2;89,1;87,9;94,3;89,1;94,8;93,8
Prados;29,6;19,6;30,3;39,5;49,6;47,7;45,6;57,1;48,3;49,4;59,0;61,8;61,7;51,8;72,0;59,1;57,5;62,8;77,4;72,4
Prata;74,2;80,4;72,5;61,3;70,7;69,9;82,3;73,5;64,5;74,1;93,7;72,4;82,2;94,8;98,2;97,4;93,5;94,5;92,9;89,4
Pratápolis;83,9;85,7;83,3;74,0;74,7;75,6;82,9;68,7;72,7;69,4;72,0;88,3;85,7;80,2;79,8;81,4;76,6;86,3;70,8;85,5
Pratinha;38,2;48,0;51,5;67,9;66,7;46,9;64,7;82,9;75,0;61,1;68,4;45,5;62,5;53,8;87,5;63,2;70,7;64,7;66,7;53,7
Presidente Bernardes;47,4;25,7;32,5;17,2;40,5;40,3;33,8;47,5;70,3;54,2;86,7;88,9;90,2;80,0;80,5;93,1;82,5;79,2;86,0;71,9
Presidente Juscelino;53,5;52,3;49,1;47,9;40,4;37,3;46,3;40,0;49,1;64,5;71,0;68,8;88,6;87,2;85,7;81,8;89,3;77,5;83,3;70,7
Presidente Kubitschek;31,0;40,5;32,6;44,7;29,6;53,6;61,0;44,4;65,4;50,0;56,9;58,8;74,5;66,7;89,1;86,7;91,9;86,7;85,7;88,1
Presidente Olegário;28,1;35,1;46,5;68,9;76,5;87,1;76,3;64,0;66,3;71,5;81,5;77,8;80,8;83,6;82,6;87,5;84,6;85,9;74,9;82,7
Alto Jequitibá;43,5;30,1;40,8;51,6;58,7;29,4;48,7;53,2;77,3;55,8;72,8;68,8;64,4;51,3;67,2;73,8;81,6;81,2;83,0;91,1
Prudente de Morais;36,9;27,6;35,7;35,2;46,9;40,7;44,2;48,0;51,1;50,8;44,7;53,1;62,1;53,1;53,2;54,4;64,0;69,0;70,9;60,0
Quartel Geral;**;19,7;26,4;44,4;**;12,5;**;0,0;31,0;41,5;74,3;91,7;81,3;78,1;82,9;80,0;90,9;82,4;81,3;69,7
Queluzito;48,0;57,1;46,7;64,7;62,5;41,7;84,6;40,0;78,3;70,0;71,4;78,9;58,3;86,7;87,5;69,2;78,9;90,9;64,3;90,0
Raposos;96,4;94,2;94,8;92,3;74,7;92,0;27,6;14,5;21,0;61,3;82,0;62,2;70,4;77,3;74,0;77,2;73,6;76,6;70,9;78,1
Raul Soares;41,3;43,4;44,3;39,0;45,1;47,2;48,2;46,3;45,2;47,4;45,3;60,6;75,6;73,0;68,7;76,5;70,9;79,3;79,8;79,9
Recreio;78,0;77,3;78,0;57,1;60,6;56,1;52,5;54,3;43,8;51,1;68,3;69,3;61,2;75,8;69,7;60,6;48,2;83,7;74,4;78,2
Reduto;40,7;51,9;62,6;66,4;78,8;66,9;79,2;86,6;74,1;60,2;68,3;65,2;69,8;59,5;61,9;63,0;64,2;73,1;81,7;77,0
Resende Costa;53,3;58,1;66,2;65,6;63,1;63,6;59,4;55,8;52,9;43,9;65,8;62,0;52,4;52,5;69,6;57,8;62,5;60,5;72,7;66,3
Resplendor;44,0;55,4;58,9;41,8;41,5;61,5;56,5;55,4;58,5;58,3;54,5;88,1;70,9;58,9;57,0;58,9;58,5;42,9;55,1;66,2
Ressaquinha;73,2;59,5;54,0;69,0;85,7;78,9;71,4;79,4;73,0;55,2;53,3;83,6;83,3;71,7;66,0;84,6;57,5;78,8;73,8;70,0
Riachinho;32,2;36,7;22,9;21,1;20,3;27,4;17,1;32,4;29,9;34,5;61,2;58,0;72,4;64,3;82,7;91,4;84,7;76,0;89,6;76,2
Riacho dos Machados;19,0;16,8;25,4;40,6;22,2;18,8;23,4;52,6;51,5;49,3;59,6;67,8;61,4;55,9;72,3;69,5;70,2;71,2;65,8;72,3
Ribeirão das Neves;35,1;32,6;37,4;46,8;45,8;45,4;47,6;50,2;56,8;63,1;62,5;59,8;63,5;63,5;64,7;65,8;64,1;64,3;67,7;68,1
Ribeirão Vermelho;73,7;65,1;71,4;47,5;60,7;74,2;76,5;61,0;66,7;75,7;72,2;80,6;77,5;87,9;85,4;76,3;85,4;82,9;90,2;87,5
Rio Acima;93,5;92,4;96,3;95,3;79,0;95,1;28,2;13,3;17,2;55,9;90,2;80,2;80,8;81,1;73,6;77,9;79,7;87,2;82,5;86,2
Rio Casca;31,7;33,7;32,9;35,5;45,1;40,3;52,9;60,2;52,3;59,1;72,7;69,2;67,6;74,9;74,7;79,9;77,8;79,0;77,5;78,8
Rio Doce;51,7;42,9;76,2;63,3;60,7;57,1;58,3;84,0;72,7;78,9;85,0;85,2;57,9;88,9;89,5;73,3;87,0;78,6;71,4;64,3
Rio do Prado;**;5,6;15,1;16,0;38,2;42,6;58,2;73,8;**;74,1;72,7;81,9;93,8;87,3;82,5;87,7;95,3;77,3;77,0;85,7
Rio Espera;28,1;42,7;39,5;28,2;20,2;32,8;41,8;42,7;41,2;40,4;45,2;75,9;69,6;60,0;55,0;83,8;78,1;80,0;84,6;86,7
Rio Manso;31,1;43,6;50,0;45,3;51,9;66,1;54,8;50,9;68,4;73,5;71,8;54,3;71,8;64,3;69,8;82,7;74,4;70,9;60,5;74,0
Rio Novo;36,0;39,5;42,7;50,7;48,6;43,8;48,4;57,0;55,4;51,4;64,5;59,4;67,9;67,3;69,1;78,8;80,0;71,0;82,1;71,1
Rio Paranaíba;22,2;23,0;20,7;15,6;27,2;73,4;71,3;69,0;59,7;66,7;66,7;64,7;83,1;82,2;72,0;81,2;81,0;83,3;77,0;80,5
Rio Pardo de Minas;26,2;21,7;18,5;22,8;25,2;27,7;35,1;33,3;51,5;52,0;73,6;82,9;85,3;88,5;86,0;85,8;90,2;89,5;87,3;89,0
Rio Piracicaba;34,8;42,2;51,2;51,2;50,0;50,3;55,3;46,9;50,5;58,7;59,0;54,3;75,6;68,6;70,7;61,7;71,7;72,2;77,9;73,8
Rio Pomba;43,9;63,7;67,5;74,2;77,7;73,1;68,9;70,2;67,0;74,9;71,4;78,0;82,9;87,7;85,9;80,6;78,2;80,9;77,5;81,6
Rio Preto;27,5;27,8;44,6;58,0;70,1;51,6;43,8;57,6;48,8;44,9;60,0;74,1;75,0;74,2;88,9;80,0;58,3;71,1;84,6;76,3
Rio Vermelho;19,8;17,4;23,8;33,3;36,8;30,4;18,5;22,7;31,6;30,6;43,4;45,2;55,8;58,0;60,6;61,5;63,1;65,2;63,9;76,5
Ritápolis;25,6;23,7;18,8;28,8;42,4;38,2;46,2;23,3;29,8;28,9;42,3;40,4;48,7;48,7;54,5;71,8;52,4;35,6;55,4;50,0
Rochedo de Minas;48,5;77,8;83,3;88,9;76,9;74,3;37,5;60,9;75,0;88,0;86,7;65,7;66,7;58,6;46,7;58,1;60,7;78,6;100,0;88,5
Rodeiro;74,3;70,8;71,2;76,1;76,3;73,1;66,2;69,6;76,4;65,2;78,4;68,4;70,7;65,8;64,0;61,2;67,2;71,7;69,6;76,6
Romaria;13,9;42,4;41,4;65,7;89,5;75,0;90,0;89,5;80,6;71,1;91,2;62,9;84,2;70,0;72,5;78,9;80,6;81,8;86,0;82,1
Rosário da Limeira;38,2;40,6;71,4;55,1;64,1;59,5;43,5;77,2;68,8;52,8;79,1;92,9;98,4;72,4;87,0;77,3;69,0;84,0;91,9;80,0
Rubelita;14,3;20,9;19,5;40,7;19,3;27,8;23,7;34,0;57,0;59,1;50,5;69,3;76,4;80,3;81,9;72,0;80,7;83,3;82,2;86,2
Rubim;15,0;9,9;21,3;16,0;15,9;24,7;25,2;32,9;33,3;43,9;76,6;74,8;75,7;70,5;82,6;86,4;90,0;92,6;83,9;90,5
Sabará;46,5;50,4;50,5;54,3;59,4;54,1;59,2;61,2;60,4;68,0;65,3;67,0;66,4;66,3;68,7;65,6;67,3;69,2;69,7;72,6
Sabinópolis;36,3;43,7;55,3;61,0;66,4;69,1;68,3;71,6;69,7;77,5;67,5;77,5;91,1;79,2;83,6;84,1;80,7;85,4;89,3;89,7
Sacramento;74,9;82,7;84,6;88,4;87,8;87,9;92,1;87,9;82,5;80,1;78,9;74,7;74,3;74,6;75,0;77,4;74,8;85,1;86,2;89,7
Salinas;24,7;22,4;24,4;34,2;30,1;34,0;46,5;43,8;62,3;58,7;60,9;66,1;81,2;73,2;78,7;76,0;78,6;80,7;82,5;85,2
Salto da Divisa;10,7;11,2;22,2;9,9;10,1;18,4;35,1;46,8;41,9;50,7;59,8;66,7;71,6;75,6;72,5;74,0;78,5;71,1;72,5;79,0
Santa Bárbara;28,0;25,5;27,3;45,3;48,1;55,8;63,9;70,6;73,2;71,2;79,8;76,5;71,8;72,1;76,5;76,9;78,1;79,5;80,4;84,7
Santa Bárbara do Leste;38,0;36,5;42,6;52,3;50,6;54,6;47,0;50,9;50,5;69,5;56,6;60,7;68,1;80,6;75,9;73,4;63,7;75,3;69,3;77,7
Santa Bárbara do Monte Ve;21,7;33,3;37,0;61,1;52,8;44,8;60,7;60,6;65,5;62,8;64,4;78,1;73,3;63,6;70,6;75,0;87,1;64,0;80,0;72,7
Santa Bárbara do Tugúrio;65,3;55,4;58,1;70,0;68,2;61,8;60,4;78,6;62,2;40,4;61,1;66,7;70,0;75,0;79,4;81,0;95,0;78,1;82,5;74,4
Santa Cruz de Minas;22,6;21,6;26,0;28,3;59,7;57,4;53,8;51,9;41,9;47,5;56,5;50,6;45,9;44,2;47,1;59,3;45,7;48,5;61,8;64,2
Santa Cruz de Salinas;20,0;13,3;18,5;26,1;20,0;28,4;36,8;60,0;65,5;62,5;67,2;63,3;69,6;85,0;83,0;86,7;88,9;85,7;52,9;77,8
Santa Cruz do Escalvado;60,8;60,0;50,0;36,8;47,0;43,9;54,2;69,8;52,3;68,8;67,6;71,7;82,1;66,0;78,6;82,1;84,1;70,0;78,6;82,6
Santa Efigênia de Minas;12,9;15,5;27,0;42,7;32,3;49,3;48,6;61,2;55,6;55,9;69,6;77,9;76,6;70,5;84,5;83,3;87,3;74,6;88,7;76,5
Santa Fé de Minas;18,8;16,3;24,1;22,4;24,5;13,5;33,3;31,1;29,8;35,7;63,0;63,8;81,1;50,0;71,7;52,8;62,8;76,5;78,6;67,4
Santa Helena de Minas;17,4;16,3;14,3;14,5;21,0;11,0;26,8;23,1;9,8;25,3;33,0;59,6;67,0;60,2;54,6;57,4;65,3;61,7;65,6;66,0
Santa Juliana;71,9;76,9;71,5;77,2;86,1;93,1;83,2;90,0;75,9;74,0;77,0;74,8;71,1;61,1;68,6;66,1;64,7;75,3;83,9;83,5
Santa Luzia;32,1;29,2;38,3;44,0;47,8;45,2;50,8;51,0;50,5;58,4;59,8;53,4;55,8;52,0;62,7;67,4;64,3;67,0;68,3;72,5
Santa Margarida;25,5;42,3;47,4;52,4;54,5;77,8;70,0;77,1;76,7;74,4;72,1;77,7;81,7;92,5;94,0;93,3;92,8;86,6;90,9;88,4
Santa Maria de Itabira;20,2;26,3;22,2;18,6;30,7;38,7;51,6;58,2;65,2;71,1;74,8;77,2;76,0;70,7;77,5;75,7;76,2;75,0;78,9;79,7
Santa Maria do Salto;**;12,0;12,7;26,1;40,9;28,3;31,9;43,9;44,8;46,0;70,3;78,0;70,5;66,7;70,2;89,2;72,3;80,9;77,8;86,4
Santa Maria do Suaçuí;15,7;18,7;24,4;24,3;24,3;21,0;22,9;24,8;35,0;22,4;39,8;34,0;35,3;40,6;52,2;54,0;46,8;41,2;54,7;67,1
Santana da Vargem;62,5;64,3;70,1;66,3;65,0;71,2;71,4;66,7;70,0;62,0;73,7;79,2;85,1;88,6;88,1;91,7;91,4;86,8;85,0;78,2
Santana de Cataguases;34,6;27,9;30,8;55,2;53,1;57,6;55,9;64,7;68,4;55,1;84,6;78,3;73,7;70,7;72,2;78,3;66,7;72,4;65,4;73,1
Santana de Pirapama;30,1;22,9;20,6;26,5;37,8;28,6;40,0;32,9;25,7;44,8;37,3;58,8;56,5;58,2;68,5;75,8;60,0;70,9;75,5;77,0
Santana do Deserto;54,5;46,4;66,7;58,8;45,2;46,9;58,8;73,2;65,7;77,5;74,5;79,1;88,6;82,6;88,4;80,0;88,4;75,0;71,0;90,0
Santana do Garambéu;48,1;52,0;58,6;64,3;86,5;67,4;63,3;76,0;77,3;57,1;78,6;90,3;96,7;66,7;75,0;95,8;66,7;91,3;91,7;83,3
Santana do Jacaré;36,1;27,5;22,4;14,1;11,1;17,9;14,3;21,3;25,0;44,7;46,8;46,7;45,0;42,3;45,2;48,2;55,6;56,3;58,8;79,2
Santana do Manhuaçu;34,4;46,6;54,9;61,0;75,5;60,4;81,5;75,2;57,7;43,8;56,6;51,0;52,5;66,7;48,1;68,2;74,2;77,3;80,5;75,7
Santana do Paraíso;18,6;29,6;27,3;32,0;30,2;22,6;44,4;52,9;61,5;54,0;59,7;76,2;75,2;76,0;78,2;74,5;76,3;82,2;77,4;84,4
Santana do Riacho;37,8;17,1;40,7;44,1;25,0;64,7;46,7;40,0;58,3;65,6;56,4;57,1;60,5;78,0;51,0;64,4;58,8;42,3;64,5;68,0
Santana dos Montes;33,8;49,1;45,5;44,4;52,4;52,5;46,4;62,9;65,1;35,1;41,2;56,0;57,5;58,1;59,3;50,0;74,3;75,0;68,8;57,1
Santa Rita de Caldas;43,8;54,3;56,3;58,7;60,4;64,3;72,1;75,3;68,6;67,5;67,5;70,7;78,5;82,3;78,1;88,2;80,3;86,5;83,3;84,9
Santa Rita de Jacutinga;50,0;71,2;68,5;87,5;61,0;68,0;73,1;64,4;80,6;75,5;88,6;90,0;80,4;80,5;90,0;81,6;87,8;75,0;72,7;75,0
Santa Rita de Minas;37,8;36,5;47,3;42,4;38,9;46,3;45,5;50,0;49,1;63,0;64,9;54,6;62,9;66,0;75,0;57,8;59,2;64,4;71,4;64,5
Santa Rita de Ibitipoca;33,3;34,8;33,3;47,4;69,4;50,0;55,2;61,9;48,8;24,2;40,6;69,4;65,6;77,5;75,0;74,3;87,0;66,7;66,7;88,0
Santa Rita do Itueto;30,8;41,6;55,1;45,1;38,7;54,8;52,9;42,3;45,2;50,6;46,1;65,9;63,3;47,8;72,8;73,6;58,3;70,1;70,7;65,9
Santa Rita do Sapucaí;73,5;81,1;81,5;91,6;88,1;86,9;85,5;86,9;90,9;88,1;90,1;85,1;84,3;81,7;85,5;88,0;85,6;88,8;84,6;84,1
Santa Rosa da Serra;**;47,8;45,8;42,9;38,5;33,3;35,1;54,5;66,0;68,4;62,2;72,7;76,7;75,0;81,1;84,4;90,6;82,1;73,7;71,0
Santa Vitória;64,6;87,2;73,7;31,2;26,0;80,3;73,7;68,2;81,4;85,3;95,0;83,2;73,3;80,6;80,0;86,4;80,1;83,6;87,8;87,9
Santo Antônio do Amparo;44,5;32,3;41,7;58,8;51,7;46,0;64,0;74,4;79,0;81,9;85,4;87,2;78,6;74,9;62,2;79,4;87,4;86,3;87,2;90,1
Santo Antônio do Aventure;**;37,5;56,0;31,8;38,7;40,7;42,9;39,1;47,5;27,3;55,2;60,7;68,8;56,0;73,3;88,2;64,0;62,5;66,7;83,3
Santo Antônio do Grama;24,2;33,9;41,0;67,7;47,4;44,9;65,1;62,1;63,0;64,4;79,5;78,0;63,9;65,0;75,4;83,3;76,6;78,5;76,9;83,0
Santo Antônio do Itambé;7,9;7,7;11,6;13,6;11,9;25,3;40,0;61,5;39,2;64,2;61,8;59,6;87,8;87,5;78,4;68,3;79,4;79,2;90,6;85,1
Santo Antônio do Jacinto;**;6,3;4,4;24,6;5,1;12,0;17,0;41,3;37,7;40,6;52,4;63,6;68,7;64,6;70,5;66,4;68,8;76,4;73,0;79,5
Santo Antônio do Monte;50,0;65,6;74,7;58,5;59,7;62,1;67,1;62,8;69,9;62,3;87,3;92,2;93,9;81,7;85,0;85,6;81,2;83,5;75,1;78,8
Santo Antônio do Retiro;28,0;27,9;26,5;29,1;23,4;36,0;27,2;48,1;65,5;62,9;79,5;87,2;94,1;85,1;92,7;96,2;87,5;88,1;79,6;88,4
Santo Antônio do Rio Abai;**;20,7;**;20,0;**;38,9;**;36,4;40,9;72,2;85,7;80,0;76,5;78,3;42,9;68,2;100,0;93,8;80,0;53,8
Santo Hipólito;43,8;41,4;51,9;47,5;44,1;36,2;60,9;35,6;34,3;44,1;67,9;65,9;41,4;69,6;66,7;52,2;76,9;63,3;82,8;43,5
Santos Dumont;70,4;70,9;70,1;69,5;63,8;62,4;58,9;63,7;67,9;62,4;62,3;69,5;60,1;60,8;60,5;70,5;70,1;62,2;73,4;80,0
São Bento Abade;57,4;69,6;63,4;55,3;52,5;69,4;57,7;59,7;63,9;70,6;67,7;65,2;76,1;81,3;86,5;70,1;60,9;81,8;65,3;81,3
São Brás do Suaçuí;20,0;36,8;33,3;62,5;73,1;52,2;84,0;90,0;83,3;80,0;73,3;92,5;79,3;87,5;83,3;90,0;88,6;81,0;80,0;86,2
São Domingos das Dores;18,2;19,5;24,3;35,0;45,9;58,3;34,5;27,0;30,6;34,0;63,3;80,8;77,3;80,3;80,2;78,7;76,5;77,1;92,3;92,2
São Domingos do Prata;36,6;42,1;42,7;45,0;54,5;60,7;61,1;52,3;57,5;60,7;68,3;74,1;69,8;76,2;81,7;80,0;80,5;84,5;80,1;79,6
São Félix de Minas;43,1;57,4;59,5;70,3;48,8;47,5;48,1;62,2;60,0;53,3;53,5;72,3;56,3;64,7;71,8;75,0;81,1;61,0;70,8;62,5
São Francisco;4,7;7,0;12,1;15,8;20,4;26,5;27,7;37,3;41,8;37,3;47,2;52,9;57,1;57,4;65,0;70,3;67,2;73,5;72,2;76,5
São Francisco de Paula;14,4;8,9;18,5;28,9;55,8;63,8;76,2;69,4;71,9;59,4;79,7;76,0;89,2;83,3;94,4;92,3;93,4;85,5;90,7;78,7
São Francisco de Sales;48,7;60,4;67,1;69,2;52,4;64,2;67,9;68,5;62,3;53,7;61,8;76,8;76,4;72,0;80,7;79,2;82,3;85,2;97,1;79,1
São Francisco do Glória;18,3;25,9;51,6;67,7;82,9;75,0;65,6;76,7;56,2;58,8;80,9;73,5;92,9;68,6;67,2;75,0;73,2;80,9;76,1;73,5
São Geraldo;39,1;43,6;41,2;46,4;68,7;83,2;57,4;62,5;52,7;50,0;61,3;54,4;55,4;48,2;56,0;54,6;50,5;57,0;57,3;54,2
São Geraldo da Piedade;21,1;16,0;32,4;16,7;38,3;45,5;34,9;50,0;49,3;59,3;58,5;76,7;81,6;71,2;77,1;80,0;80,8;86,0;89,4;90,3
São Geraldo do Baixio;**;56,0;75,6;54,0;52,9;37,9;44,9;56,3;42,6;25,0;39,1;48,9;32,4;50,0;61,5;52,6;57,9;74,4;68,4;81,3
São Gonçalo do Abaeté;12,6;14,0;29,8;19,0;31,5;47,9;31,6;36,9;46,9;57,5;55,2;63,5;65,9;71,2;78,9;73,3;70,9;59,3;70,3;68,8
São Gonçalo do Pará;47,6;48,6;56,5;52,8;57,3;63,6;64,7;70,7;80,1;75,8;75,6;72,6;83,3;75,2;77,9;66,0;75,7;70,2;71,7;75,0
São Gonçalo do Rio Abaixo;28,3;30,8;45,4;53,9;51,4;60,7;59,0;74,8;68,8;66,4;69,3;73,8;78,7;88,1;87,1;83,8;78,8;81,6;90,6;86,3
São Gonçalo do Sapucaí;55,6;68,6;70,6;60,8;64,7;78,8;65,8;72,8;74,0;76,8;68,8;71,9;67,6;77,1;79,1;75,9;82,3;84,8;81,2;86,8
São Gotardo;63,6;78,8;82,6;73,8;70,3;65,2;72,0;69,9;64,0;61,8;68,1;60,7;67,2;58,4;70,5;75,5;72,1;71,7;76,1;81,3
São João Batista do Glóri;71,4;63,1;82,1;83,7;82,5;76,8;82,5;83,3;69,7;74,2;76,8;91,7;89,3;93,6;89,4;79,7;75,9;89,9;84,3;90,0
São João da Lagoa;22,4;21,4;31,0;44,4;47,5;61,5;**;46,2;47,2;42,1;58,8;73,3;60,0;83,3;71,1;81,8;94,1;79,5;80,0;81,0
São João da Mata;90,9;77,4;78,6;88,0;90,9;73,7;80,0;82,8;77,8;92,3;82,1;95,5;90,3;74,2;86,4;86,2;80,0;71,1;91,7;77,4
São João da Ponte;65,8;51,9;48,6;55,8;60,7;70,1;56,4;40,0;47,1;58,6;86,6;84,0;84,7;73,1;86,5;91,9;80,2;71,5;72,7;82,8
São João das Missões;**;7,8;6,6;4,1;14,1;19,6;39,9;35,8;32,1;29,8;47,1;62,5;65,9;55,3;72,2;76,6;71,6;73,1;77,0;75,6
São João del Rei;29,0;32,1;31,6;33,5;35,8;33,1;33,8;42,8;36,0;35,2;38,7;47,1;47,6;45,8;46,7;51,2;50,4;48,6;57,3;60,8
São João do Manhuaçu;27,9;43,8;62,2;53,1;74,4;60,2;78,5;85,3;56,1;55,6;56,9;68,8;67,7;72,8;81,1;72,4;71,3;67,2;74,4;77,8
São João do Manteninha;55,6;25,4;44,4;43,3;46,2;77,8;65,2;64,0;74,7;64,5;84,6;87,9;60,4;59,4;69,2;81,0;74,4;77,5;71,1;71,1
São João do Oriente;20,3;17,7;24,4;37,9;40,4;55,8;40,3;30,2;36,4;32,4;55,3;54,3;40,2;55,7;59,4;52,8;76,7;70,6;76,6;71,6
São João do Pacuí;22,2;27,6;18,0;36,5;45,9;45,0;**;35,4;25,5;26,7;68,0;60,0;69,4;60,0;83,3;89,8;78,9;80,0;85,4;80,9
São João do Paraíso;25,2;15,5;14,0;13,6;40,4;29,2;51,5;61,6;68,6;64,5;73,9;90,3;87,3;87,6;90,1;91,7;87,8;85,6;84,4;84,6
São João Evangelista;24,4;30,5;42,2;55,0;60,8;57,3;45,5;47,6;50,0;55,6;68,6;92,5;94,5;72,0;89,9;87,8;85,1;83,5;89,3;88,0
São João Nepomuceno;69,1;87,3;76,4;81,2;83,1;81,8;85,9;86,0;84,2;81,8;88,7;78,9;64,2;65,2;70,4;75,3;81,7;83,5;83,8;87,1
São Joaquim de Bicas;17,4;41,9;40,8;43,6;46,4;57,1;57,4;55,6;59,5;60,5;64,6;71,0;73,2;72,2;62,9;70,2;80,6;74,3;82,2;75,5
São José da Barra;48,0;55,2;65,0;67,1;84,1;74,4;80,0;88,4;84,3;70,4;81,9;88,5;71,6;85,9;82,9;90,8;82,5;87,2;83,5;82,4
São José da Lapa;40,4;34,2;38,3;38,3;47,9;56,3;61,6;58,6;68,7;58,5;57,8;63,4;60,5;67,4;68,1;72,8;72,8;73,8;71,7;75,4
São José da Safira;11,4;31,4;38,6;44,4;36,2;6,1;9,9;14,8;19,7;26,2;48,5;57,5;53,3;62,5;61,8;68,2;64,2;65,0;41,5;58,7
São José da Varginha;**;64,6;61,7;58,2;55,4;65,9;68,1;61,5;37,5;56,1;73,3;66,7;63,6;54,5;67,3;76,9;81,6;57,1;68,8;66,0
São José do Alegre;68,2;51,0;52,9;66,7;58,3;74,1;70,0;69,8;63,8;61,1;70,0;73,6;71,1;75,6;85,7;68,6;66,7;78,6;70,0;72,9
São José do Divino;23,6;53,5;54,0;43,8;29,5;55,8;61,9;53,2;40,0;32,1;74,5;74,2;73,9;76,7;62,5;80,0;84,6;79,6;74,5;79,4
São José do Goiabal;13,5;20,3;36,0;36,3;23,9;28,8;40,7;55,4;37,1;44,8;58,5;60,6;58,6;82,0;66,1;65,6;63,5;65,3;67,4;69,4
São José do Jacuri;14,0;26,3;22,9;35,1;38,0;24,7;28,9;26,7;38,2;39,8;48,0;54,4;55,6;75,0;75,5;79,7;64,4;73,0;85,7;95,6
São José do Mantimento;24,5;31,0;15,7;28,6;46,7;46,3;54,1;37,0;47,4;39,4;65,1;85,7;88,2;88,2;89,2;89,2;81,8;84,2;75,0;72,7
São Lourenço;56,6;60,2;59,0;58,7;71,9;63,4;65,5;61,8;69,4;75,0;77,7;81,6;78,6;79,2;78,9;80,5;79,7;77,9;85,3;86,8
São Miguel do Anta;59,3;49,0;38,7;42,0;34,0;39,0;56,9;60,6;75,7;74,6;61,5;73,8;81,3;80,6;92,3;79,0;75,4;86,4;93,1;96,6
São Pedro da União;76,3;78,2;73,3;71,8;81,6;62,8;69,4;68,8;72,1;70,2;76,7;80,0;98,2;87,2;95,0;82,5;86,8;88,5;84,6;89,1
São Pedro dos Ferros;26,1;26,8;39,9;46,2;43,8;42,6;39,4;52,6;45,2;46,0;75,4;60,0;54,5;70,4;71,4;71,8;68,8;70,1;81,3;71,9
São Pedro do Suaçuí;14,3;10,2;18,4;29,5;26,9;31,6;49,1;36,5;45,9;36,7;67,3;56,4;54,4;64,1;70,4;76,6;68,6;60,6;57,8;76,2
São Romão;12,6;11,7;16,0;9,0;11,8;9,9;24,8;29,1;38,2;34,8;61,7;65,4;75,6;69,0;72,9;79,3;65,5;67,8;69,3;66,3
São Roque de Minas;**;**;**;27,4;52,3;19,7;35,3;33,9;18,3;31,0;88,5;56,8;42,6;45,3;54,5;40,3;31,9;46,0;55,8;57,1
São Sebastião da Bela Vis;59,0;61,0;48,3;63,6;68,3;66,7;70,5;67,8;77,3;80,3;83,6;75,8;75,0;58,0;78,5;81,5;82,3;79,8;87,1;77,8
São Sebastião da Vargem A;17,2;40,6;27,3;34,5;60,0;44,0;51,3;53,1;72,2;55,9;68,6;75,0;81,8;50,0;83,3;81,8;78,9;85,7;100,0;84,6
São Sebastião do Anta;**;16,3;19,0;21,1;42,0;60,7;34,6;20,4;14,3;19,7;57,5;77,3;72,3;75,5;71,0;81,2;88,5;87,3;71,2;67,1
São Sebastião do Maranhão;14,5;21,2;22,3;14,6;15,8;14,0;20,5;29,2;30,3;22,8;38,4;25,8;38,6;39,4;47,7;61,6;60,5;48,9;52,0;36,4
São Sebastião do Oeste;52,7;53,7;50,0;55,8;46,3;60,0;57,4;56,9;55,6;61,8;69,1;75,9;76,1;69,6;82,7;85,0;80,6;87,9;84,2;86,1
São Sebastião do Paraíso;64,2;73,8;69,4;71,4;80,8;81,1;82,6;73,8;72,7;75,2;81,9;85,7;88,6;85,9;88,6;88,9;86,8;87,8;85,1;85,1
São Sebastião do Rio Pret;**;**;35,3;42,9;23,8;44,4;22,7;37,5;70,6;57,9;70,6;73,3;54,2;73,3;70,6;82,4;61,5;86,7;**;**
São Sebastião do Rio Verd;47,6;41,2;37,9;64,3;73,3;73,9;92,9;69,2;100,0;86,4;95,7;100,0;94,1;88,5;96,6;100,0;94,4;76,5;95,8;100,0
São Tiago;33,3;41,5;55,1;52,3;55,8;60,3;63,9;62,4;53,8;60,0;57,7;65,9;73,8;71,8;75,7;71,3;63,3;83,7;78,6;72,4
São Tomás de Aquino;32,2;44,5;64,7;73,8;77,2;69,2;66,3;73,9;72,1;69,8;87,1;81,5;83,3;85,0;85,7;84,2;80,5;84,8;86,7;84,5
São Thomé das Letras;47,9;50,4;53,2;42,7;42,2;56,8;58,2;54,2;63,8;49,3;71,7;69,8;68,5;67,5;66,7;52,9;48,7;47,8;67,1;80,2
São Vicente de Minas;54,0;48,4;52,4;49,5;71,1;62,9;67,4;72,2;69,1;71,4;68,7;72,5;64,1;54,1;56,5;68,8;67,9;70,5;78,8;88,6
Sapucaí-Mirim;42,1;37,6;69,1;50,5;62,1;58,2;64,8;68,4;71,4;72,9;80,7;84,9;83,3;78,6;68,8;78,9;78,3;77,6;87,7;83,6
Sardoá;19,0;16,0;25,5;31,3;30,6;39,1;52,8;53,8;48,5;52,1;47,7;48,9;69,3;67,6;77,9;83,8;79,5;75,6;78,6;88,8
Sarzedo;34,2;48,3;46,2;49,8;64,6;69,8;69,3;72,2;80,2;82,4;79,9;79,4;78,5;78,3;76,8;79,7;81,2;82,1;85,5;85,1
Setubinha;7,3;4,7;**;5,9;9,6;14,1;13,6;11,3;10,6;20,0;18,8;61,4;69,2;61,9;58,4;64,3;54,5;42,9;51,1;58,8
Sem-Peixe;**;32,4;54,2;51,5;64,7;58,8;64,3;76,2;78,1;80,0;86,2;94,4;83,3;75,0;75,0;85,7;50,0;81,8;50,0;78,9
Senador Amaral;22,6;18,2;24,8;19,0;39,2;32,2;40,7;50,6;72,7;67,4;81,3;78,7;78,8;90,0;82,8;78,7;78,9;89,1;87,1;83,5
Senador Cortes;44,4;45,5;65,5;66,7;60,9;67,6;48,7;57,1;74,4;68,2;68,6;65,6;66,7;65,4;47,1;78,1;46,4;50,0;70,0;72,0
Senador Firmino;45,0;51,5;48,4;62,5;69,0;63,4;68,2;62,2;77,0;68,2;71,1;51,6;65,4;65,3;79,3;95,3;81,8;84,6;76,4;82,6
Senador José Bento;55,6;78,9;76,5;100,0;64,7;72,7;86,7;72,7;85,7;91,7;88,2;84,6;85,7;80,0;92,9;93,3;100,0;81,8;90,0;90,9
Senador Modestino Gonçalv;38,4;40,7;45,5;26,0;40,0;51,2;41,1;50,8;51,1;56,3;57,7;76,4;84,8;93,0;86,1;85,3;93,3;79,5;75,7;90,0
Senhora de Oliveira;30,1;26,9;18,6;32,1;40,0;43,5;48,7;50,8;58,1;54,5;50,7;80,0;75,8;78,7;77,0;79,2;79,4;86,0;83,6;82,8
Senhora do Porto;25,4;37,7;12,2;19,3;17,6;16,7;46,9;68,8;62,3;47,8;55,8;66,0;80,6;91,4;89,4;71,1;82,6;81,3;92,5;88,6
Senhora dos Remédios;63,5;59,3;60,5;51,9;55,9;44,1;48,2;53,3;47,7;36,8;48,5;64,0;64,1;60,6;71,7;53,0;63,9;45,3;41,0;56,4
Sericita;13,7;11,1;21,7;29,3;37,1;30,1;35,8;36,9;45,4;36,6;76,8;75,2;84,4;75,9;82,8;73,6;80,7;80,5;75,7;81,5
Seritinga;**;38,9;40,0;21,7;**;23,3;40,0;62,5;61,9;93,8;90,9;100,0;100,0;100,0;86,7;100,0;93,8;83,3;82,6;73,1
Serra Azul de Minas;20,6;28,3;23,5;45,4;43,1;33,3;43,4;56,9;51,7;64,1;64,5;64,8;86,7;94,0;87,8;82,1;89,1;81,8;89,7;91,1
Serra da Saudade;**;**;**;60,0;66,7;71,4;87,5;60,0;100,0;100,0;100,0;**;88,9;100,0;88,9;**;**;**;85,7;83,3
Serra dos Aimorés;45,9;56,5;14,3;30,6;54,5;44,2;43,3;51,1;34,8;59,4;46,0;57,9;63,5;67,6;75,6;79,5;75,8;76,0;71,3;63,2
Serra do Salitre;41,1;30,9;34,0;28,1;37,1;47,6;50,7;39,4;40,5;44,4;63,0;63,6;74,0;64,3;73,9;68,0;74,6;75,7;80,5;89,9
Serrania;41,4;46,5;43,6;52,2;49,6;50,5;52,3;54,0;62,4;60,5;59,6;82,4;83,5;83,0;77,9;74,3;86,4;81,5;82,7;87,1
Serranópolis de Minas;23,9;6,0;13,2;20,7;20,8;27,4;58,3;66,7;65,1;46,2;56,4;74,1;78,6;69,5;86,5;88,0;81,4;81,4;77,5;81,6
Serranos;18,8;**;25,9;20,8;**;**;57,1;45,2;90,0;65,5;95,5;75,0;73,7;89,5;81,3;83,3;59,3;75,0;70,6;80,0
Serro;16,6;17,3;24,3;29,6;28,8;31,4;38,0;39,3;44,5;55,5;56,1;59,0;72,8;77,6;73,3;71,5;79,6;82,6;83,1;81,2
Sete Lagoas;25,7;28,4;27,4;34,4;41,4;43,4;41,9;45,1;44,7;50,5;54,5;62,0;62,5;63,2;65,8;71,1;70,6;75,0;76,2;75,5
Silveirânia;43,5;57,1;36,8;60,9;61,1;75,9;70,6;77,8;65,5;62,5;60,9;64,0;68,4;88,5;91,3;78,3;73,9;85,7;100,0;85,0
Silvianópolis;88,6;63,2;71,8;76,6;67,6;70,3;74,1;79,7;71,0;73,8;88,7;79,0;54,9;76,3;68,7;89,8;82,1;82,7;74,3;81,3
Simão Pereira;64,0;38,7;25,5;56,3;37,9;56,3;64,0;55,9;52,0;84,0;84,4;65,6;72,7;65,2;60,0;54,3;63,6;57,6;85,7;73,3
Simonésia;24,1;49,5;53,2;57,7;67,6;60,0;72,7;81,4;63,7;59,3;62,8;69,3;66,9;67,9;74,0;72,2;75,1;83,8;82,1;83,2
Sobrália;32,5;25,9;34,2;29,6;28,9;40,5;33,7;29,5;23,9;48,6;38,3;49,2;45,0;37,5;71,9;70,5;54,5;54,2;60,7;70,9
Soledade de Minas;40,8;70,0;51,1;51,4;79,4;52,8;56,8;62,1;64,9;75,4;68,2;73,8;65,6;59,4;67,7;82,1;77,8;77,4;86,2;89,1
Tabuleiro;51,4;66,7;69,6;75,0;63,0;74,6;80,0;75,0;69,0;60,8;71,4;65,1;71,0;84,0;74,5;82,9;61,5;68,6;70,6;79,1
Taiobeiras;8,8;14,0;23,5;35,8;52,3;53,3;67,9;72,1;71,1;70,5;73,1;82,4;82,1;82,1;83,7;85,9;91,4;90,4;87,7;91,3
Taparuba;31,9;40,0;41,4;52,3;50,0;56,4;53,6;54,3;57,5;44,8;80,0;83,3;82,5;86,1;89,2;96,1;85,1;88,9;87,5;91,9
Tapira;73,9;63,0;60,0;72,2;64,7;54,3;72,9;72,1;80,6;63,6;66,7;66,0;76,8;73,7;54,5;71,1;55,8;76,1;71,0;79,0
Tapiraí;47,8;43,8;59,1;40,0;55,0;29,4;41,2;60,0;77,8;**;100,0;66,7;66,7;91,7;100,0;91,7;75,0;76,9;90,0;73,3
Taquaraçu de Minas;50,0;30,8;48,5;48,6;53,8;42,3;52,4;60,0;55,6;61,5;65,7;68,3;55,3;52,9;69,0;76,5;66,7;65,8;55,3;68,8
Tarumirim;30,3;24,4;17,8;24,4;25,4;23,5;28,6;20,7;19,1;27,2;40,0;61,8;58,7;73,2;69,0;70,4;73,9;65,5;64,9;62,9
Teixeiras;56,5;50,3;52,8;47,0;46,5;47,8;43,6;47,3;54,5;61,6;72,6;73,7;69,5;65,9;65,5;64,3;66,3;73,3;75,2;80,9
Teófilo Otoni;29,1;27,2;30,9;38,5;37,2;36,1;37,5;33,5;46,0;47,0;44,3;46,7;52,8;54,5;55,8;55,7;55,7;58,1;61,7;62,6
Timóteo;44,1;40,3;45,7;48,0;57,5;65,7;65,4;66,2;75,6;74,1;68,4;72,0;68,1;67,3;71,4;73,3;71,5;75,2;76,1;79,8
Tiradentes;32,0;11,9;20,5;41,1;34,0;32,5;29,9;46,0;33,3;44,3;57,5;50,6;68,1;51,9;60,0;56,0;44,2;48,8;51,4;62,1
Tiros;32,9;65,6;59,7;61,6;81,3;48,8;63,2;66,2;70,1;70,4;77,6;68,9;72,9;74,5;67,2;76,1;74,2;80,8;70,1;85,1
Tocantins;54,1;49,0;64,0;67,2;69,6;70,8;72,4;76,3;79,1;68,3;73,6;69,8;58,5;57,9;50,5;70,9;74,2;77,6;71,4;78,1
Tocos do Moji;87,2;90,7;90,7;94,4;90,7;93,3;96,4;96,8;87,8;89,3;70,0;85,7;87,9;90,5;87,2;85,7;86,2;88,2;95,2;92,1
Toledo;59,1;60,5;58,3;55,6;84,6;73,2;76,7;73,1;78,8;91,4;92,5;84,9;86,0;76,9;80,6;85,4;87,1;62,5;61,8;79,3
Tombos;91,3;88,0;95,7;84,3;94,4;95,3;93,9;97,7;90,8;97,5;92,4;90,9;77,9;79,8;89,5;89,0;92,7;92,0;89,9;89,3
Três Corações;66,7;70,9;71,0;63,4;58,7;67,9;72,3;75,4;81,0;74,5;80,9;78,6;73,8;71,0;67,4;70,7;69,9;73,7;82,3;89,7
Três Marias;41,9;43,8;50,6;52,6;41,3;42,1;48,3;54,0;60,0;46,1;63,9;64,2;64,7;60,4;65,1;69,2;67,5;55,9;61,7;63,9
Três Pontas;64,6;68,1;64,0;67,8;63,6;71,4;72,7;75,6;78,7;80,0;81,8;82,9;81,8;82,1;82,7;85,5;83,1;84,8;84,4;83,1
Tumiritinga;24,1;43,7;43,8;46,2;31,1;37,6;36,5;29,5;27,5;41,1;37,6;46,2;54,9;62,3;71,2;73,0;54,7;64,2;55,6;71,1
Tupaciguara;66,6;86,1;89,6;59,8;46,4;93,6;98,4;94,3;96,0;89,3;92,8;81,9;57,9;68,0;87,2;95,7;85,1;81,9;77,8;74,1
Turmalina;26,0;14,7;9,6;33,8;24,3;19,7;38,2;39,5;51,7;47,1;81,4;77,0;75,4;80,5;81,1;85,8;83,6;85,9;89,3;91,6
Turvolândia;71,7;66,7;50,0;51,0;60,8;64,6;77,1;67,3;57,1;80,0;66,2;77,8;64,6;56,9;70,4;71,9;86,8;84,0;82,7;85,9
Ubá;62,2;59,2;68,3;74,4;78,7;75,9;77,8;79,5;81,1;72,8;77,5;72,8;68,7;65,3;61,7;69,2;70,9;73,1;74,7;75,5
Ubaí;0,0;12,7;16,8;13,0;18,5;16,1;47,3;47,1;52,9;53,8;63,7;60,4;64,9;60,6;73,9;74,1;71,2;70,5;71,7;74,4
Ubaporanga;25,5;24,3;32,3;34,4;54,2;61,3;39,7;34,3;32,3;38,5;55,3;61,9;69,0;58,0;65,5;61,6;75,9;74,5;67,3;79,4
Uberaba;70,4;76,2;79,7;78,4;84,9;73,8;70,8;75,2;66,8;60,5;66,5;64,1;70,1;68,2;67,3;70,5;71,1;68,2;73,3;76,5
Uberlândia;75,9;72,3;66,0;63,4;68,9;77,8;85,2;87,9;86,6;82,2;83,0;83,0;84,0;85,5;86,6;87,2;86,4;88,0;86,5;88,2
Umburatiba;**;17,0;32,6;19,6;29,8;30,1;43,2;36,1;25,8;31,6;55,0;78,9;82,4;76,9;86,0;75,6;67,9;75,6;80,6;67,5
Unaí;46,2;34,4;41,0;41,0;30,2;42,5;52,0;52,9;55,3;55,8;56,4;57,3;59,2;60,9;62,1;65,8;67,8;66,9;69,0;69,7
União de Minas;55,2;59,3;42,4;67,3;82,5;76,9;75,5;75,0;66,2;48,9;65,4;52,8;49,1;65,0;63,2;80,8;84,2;71,7;72,5;97,5
Uruana de Minas;21,7;19,0;23,3;33,3;34,2;39,4;42,4;25,7;26,3;28,6;39,1;62,2;57,9;72,5;86,7;79,1;76,9;44,7;77,1;75,0
Urucânia;63,5;42,0;50,3;68,5;52,4;55,4;63,6;41,3;42,6;43,1;55,3;69,7;66,9;63,8;78,7;59,7;69,4;62,9;75,0;65,5
Urucuia;3,9;15,2;20,1;28,4;13,4;26,4;29,4;36,6;38,3;36,3;50,2;45,3;46,1;40,9;45,0;73,1;64,6;60,6;73,0;61,7
Vargem Alegre;34,8;30,7;30,5;32,3;34,0;37,6;45,5;52,2;45,8;29,0;69,0;73,2;70,8;72,6;72,1;75,4;55,2;73,8;73,4;89,9
Vargem Bonita;**;**;0,0;0,0;33,3;28,6;42,9;46,7;65,2;43,8;87,0;81,8;66,7;77,8;78,9;69,6;76,9;70,0;68,2;59,1
Vargem Grande do Rio Pard;11,5;12,3;10,5;29,5;22,1;44,0;51,4;55,1;67,9;77,8;81,5;95,3;90,7;81,8;89,9;91,4;94,4;96,5;92,9;87,3
Varginha;66,0;66,7;80,6;74,8;77,5;81,3;81,8;82,8;85,2;86,0;79,2;84,0;88,6;84,2;81,0;84,5;85,3;82,1;85,7;86,4
Varjão de Minas;16,7;10,2;22,5;21,6;54,1;50,0;45,8;49,5;51,2;47,2;62,0;63,2;75,7;61,0;59,8;71,4;78,8;78,6;74,8;79,3
Várzea da Palma;12,1;5,6;9,0;45,3;82,4;85,4;70,7;52,6;64,9;59,8;68,9;86,0;76,0;70,8;78,5;78,4;82,9;82,2;88,2;85,6
Varzelândia;14,1;7,0;4,8;7,4;5,3;9,2;14,0;34,4;59,1;53,0;57,9;52,7;69,3;74,5;74,2;76,1;79,1;68,5;73,1;77,5
Vazante;46,9;37,3;64,1;65,6;75,0;73,5;62,9;64,4;56,1;64,4;71,5;56,7;67,4;65,4;67,5;62,2;65,1;67,0;71,2;69,2
Verdelândia;12,9;11,2;9,5;28,7;23,1;18,3;23,6;45,9;42,5;45,8;53,2;64,8;72,3;66,2;76,8;81,5;77,0;81,2;77,0;77,6
Veredinha;38,0;19,0;23,2;25,8;47,8;26,1;31,6;50,0;50,0;33,3;52,2;74,0;76,6;87,9;92,6;73,0;71,7;80,0;84,6;90,0
Veríssimo;41,0;57,1;72,7;69,8;92,6;41,2;75,8;66,7;66,7;41,5;62,8;62,1;76,5;51,4;47,2;57,1;43,8;43,8;46,3;50,0
Vermelho Novo;18,6;25,0;35,3;68,1;41,7;62,7;56,3;66,0;51,9;58,7;71,0;72,9;67,7;81,4;70,0;70,4;71,2;61,4;75,0;82,1
Vespasiano;31,0;32,8;39,0;39,7;43,0;48,5;49,2;49,8;51,5;53,6;58,2;60,8;63,0;56,9;59,8;60,0;60,5;68,0;66,8;66,2
Viçosa;58,3;53,8;50,1;45,7;29,8;35,7;40,7;49,0;48,2;53,0;61,7;57,7;59,4;63,9;65,1;71,2;70,0;73,6;76,3;79,0
Vieiras;37,8;62,5;72,5;55,2;83,0;60,9;68,4;70,2;66,0;56,8;82,7;95,2;93,6;81,8;81,1;86,4;77,4;87,5;96,8;91,9
Mathias Lobato;27,8;49,3;49,3;37,1;39,3;25,4;20,5;37,9;42,6;57,1;48,1;71,9;47,1;47,4;63,8;48,9;60,5;70,6;60,0;65,8
Virgem da Lapa;11,9;19,7;19,5;29,1;20,1;20,7;26,1;42,9;39,2;54,8;57,8;57,1;78,6;70,3;69,7;77,3;63,3;69,9;86,3;80,8
Virgínia;14,6;9,3;20,3;23,2;25,0;32,7;53,0;52,3;55,8;69,7;68,9;67,7;75,6;86,9;78,8;84,8;82,6;84,2;84,5;87,2
Virginópolis;28,4;30,6;39,1;35,8;44,1;49,7;63,8;69,1;72,6;68,9;76,3;74,8;74,8;71,7;72,4;86,6;85,5;85,9;81,5;87,5
Virgolândia;**;**;6,3;**;12,5;15,7;30,4;48,5;64,3;68,3;78,6;91,8;88,5;82,7;87,9;90,3;83,0;82,5;78,3;86,0
Visconde do Rio Branco;41,3;28,9;36,9;50,6;81,7;82,3;78,9;71,1;72,0;69,7;85,4;77,9;78,3;72,2;81,1;83,7;84,0;82,8;77,4;72,2
Volta Grande;46,9;42,5;47,3;43,3;31,9;49,3;48,4;44,2;60,6;70,6;59,2;67,3;79,6;67,3;65,5;70,5;52,0;69,8;75,5;73,8
Wenceslau Braz;61,5;61,4;63,4;52,6;75,0;76,5;64,3;84,8;85,0;77,8;67,9;72,7;85,0;76,5;84,0;92,0;70,8;72,7;80,0;84,2
Minas Gerais;44,4;45,8;48,8;51,8;55,4;56,8;59,4;61,4;63,3;64,8;69,1;71,0;72,0;71,5;73,9;75,2;75,1;76,3;77,3;79,1
Sudeste;52,5;55,0;58,6;61,9;65,2;66,8;67,7;68,9;70,1;70,4;72,6;72,8;71,8;72,1;73,1;74,3;75,2;76,7;77,3;78,2
Brasil;43,7;45,5;47,8;49,9;52,0;52,8;54,5;55,8;57,0;57,9;60,6;61,3;61,7;62,4;64,6;66,5;67,7;69,3;70,8;72,4
** - Para evitar a interpretação inadequada de taxas instáveis, foram suprimidos valores baseados em baixa frequência de casos (maior que 0 e menor que 5).;;;;;;;;;;;;;;;;;;;;
;;;;;;;;;;;;;;;;;;;;
;;;;;;;;;;;;;;;;;;;;
PROADESS - Projeto de Avaliação do Desempenho do Sistema de Saúde;;;;;;;;;;;;;;;;;;;;
URL: https://www.proadess.icict.fiocruz.br/;;;;;;;;;;;;;;;;;;;;
