Percentual da população coberta pela Estratégia Saúde da Família (ESF) - Municípios da UF: Rio Grande do Sul;;;;;;;;;;;;;;;;;;;;
Abrangências geográficas;2000;2001;2002;2003;2004;2005;2006;2007;2008;2009;2010;2011;2012;2013;2014;2015;2016;2017;2018;2019
Aceguá;**;0,0;0,0;0,0;0,0;80,4;79,4;82,4;83,4;80,0;79,4;78,5;77,9;77,3;74,4;73,9;73,4;72,9;72,5;71,0
Água Santa;0,0;0,0;90,2;90,2;90,1;90,1;90,1;86,1;96,8;94,8;95,3;92,7;92,8;92,9;89,9;89,9;89,8;89,8;89,8;91,9
Agudo;0,0;0,0;0,0;19,8;19,8;39,7;39,8;0,0;0,0;0,0;0,0;0,0;0,0;0,0;0,0;20,1;20,2;20,2;20,2;41,8
Ajuricaba;0,0;0,0;0,0;90,1;90,5;99,9;98,6;0,0;100,0;100,0;100,0;100,0;100,0;100,0;100,0;100,0;100,0;100,0;100,0;100,0
Alecrim;0,0;0,0;0,0;0,0;0,0;0,0;0,0;100,0;100,0;100,0;100,0;100,0;100,0;100,0;100,0;100,0;100,0;100,0;100,0;100,0
Alegrete;8,1;8,2;8,2;8,3;8,4;8,4;8,5;7,8;8,8;8,7;8,7;13,3;26,8;31,5;69,8;78,8;87,9;88,2;88,5;88,4
Alegria;0,0;0,0;0,0;102,7;103,2;105,3;101,5;0,0;0,0;0,0;72,3;80,2;81,8;83,3;81,3;82,4;83,4;84,5;85,5;96,9
Almirante Tamandaré do Su;**;0,0;0,0;0,0;0,0;105,8;109,8;100,0;100,0;100,0;100,0;100,0;100,0;100,0;100,0;100,0;100,0;100,0;100,0;100,0
Alpestre;0,0;0,0;0,0;36,0;99,0;101,2;91,7;100,0;100,0;100,0;100,0;100,0;100,0;100,0;100,0;100,0;100,0;100,0;100,0;100,0
Alto Alegre;95,0;96,1;102,2;103,7;105,0;106,4;107,7;0,0;100,0;100,0;100,0;100,0;100,0;100,0;100,0;100,0;100,0;100,0;100,0;100,0
Alto Feliz;0,0;82,2;97,9;97,7;97,3;96,8;96,8;100,0;100,0;100,0;100,0;100,0;100,0;100,0;100,0;0,0;100,0;100,0;100,0;100,0
Alvorada;0,0;3,7;7,3;9,0;25,0;31,9;35,1;0,0;38,3;44,1;41,9;45,8;43,9;45,4;47,2;48,6;48,4;49,9;49,7;52,8
Amaral Ferrador;0,0;0,0;0,0;94,0;92,4;91,3;89,3;100,0;100,0;100,0;100,0;100,0;100,0;100,0;82,5;81,9;81,4;81,0;80,5;49,5
Ametista do Sul;0,0;0,0;0,0;0,0;91,9;91,8;106,9;100,0;100,0;100,0;80,8;100,0;100,0;94,4;100,0;100,0;100,0;100,0;100,0;100,0
André da Rocha;0,0;0,0;0,0;0,0;95,6;94,6;0,0;0,0;0,0;0,0;0,0;100,0;100,0;100,0;100,0;100,0;100,0;100,0;100,0;100,0
Anta Gorda;0,0;0,0;0,0;0,0;54,6;54,7;54,8;100,0;100,0;100,0;54,5;56,8;100,0;100,0;55,3;100,0;100,0;100,0;100,0;100,0
Antônio Prado;0,0;0,0;0,0;0,0;0,0;0,0;0,0;48,1;50,8;48,7;48,3;53,8;53,8;53,8;52,0;100,0;100,0;100,0;100,0;95,1
Arambaré;0,0;0,0;0,0;0,0;88,9;89,3;116,8;0,0;100,0;0,0;100,0;100,0;100,0;100,0;100,0;100,0;100,0;91,9;100,0;100,0
Araricá;0,0;0,0;80,1;78,1;76,3;0,0;73,3;0,0;72,2;67,9;66,6;70,9;70,0;69,1;100,0;100,0;100,0;100,0;100,0;100,0
Aratiba;0,0;0,0;48,8;49,1;98,4;98,9;95,7;100,0;100,0;100,0;100,0;100,0;100,0;100,0;100,0;100,0;100,0;100,0;100,0;100,0
Arroio do Meio;0,0;0,0;19,5;38,5;56,9;56,2;55,6;55,7;57,2;54,8;54,3;55,1;54,7;54,3;52,3;52,0;68,8;68,4;85,1;83,6
Arroio do Sal;64,9;60,9;57,5;54,7;52,3;0,0;48,5;0,0;0,0;0,0;0,0;0,0;0,0;0,0;100,0;100,0;100,0;77,3;100,0;100,0
Arroio do Padre;**;0,0;0,0;98,3;98,4;97,5;100,0;100,0;100,0;100,0;100,0;0,0;100,0;100,0;100,0;100,0;100,0;100,0;100,0;100,0
Arroio dos Ratos;0,0;0,0;0,0;0,0;50,3;25,0;24,9;47,7;50,7;48,9;97,3;100,0;100,0;100,0;73,2;97,4;97,2;97,0;96,8;97,7
Arroio do Tigre;0,0;0,0;0,0;0,0;0,0;0,0;0,0;0,0;54,6;52,6;52,2;54,6;54,4;43,2;52,1;67,6;77,7;77,5;77,3;77,6
Arroio Grande;0,0;0,0;0,0;0,0;0,0;0,0;0,0;0,0;0,0;0,0;0,0;0,0;0,0;0,0;0,0;54,6;54,6;54,7;54,7;56,4
Arvorezinha;0,0;0,0;0,0;0,0;0,0;0,0;0,0;0,0;0,0;0,0;0,0;0,0;100,0;100,0;97,9;97,8;97,7;97,6;97,5;99,3
Augusto Pestana;0,0;44,3;44,7;45,1;45,4;45,8;46,1;0,0;94,9;93,1;93,7;97,2;98,0;98,7;95,8;96,2;96,6;97,0;97,3;100,0
Áurea;88,0;88,5;88,9;89,2;89,6;99,6;98,1;100,0;100,0;100,0;100,0;100,0;100,0;100,0;100,0;100,0;100,0;100,0;100,0;100,0
Bagé;0,0;0,0;0,0;0,0;26,3;35,0;52,2;53,5;64,4;62,6;65,6;65,0;64,9;63,9;62,6;62,5;65,2;62,2;70,6;71,3
Balneário Pinhal;0,0;69,5;81,6;77,7;74,4;71,5;96,8;100,0;98,4;90,5;87,4;95,3;93,1;91,0;87,0;85,5;84,1;82,8;81,7;75,2
Barão;0,0;0,0;0,0;0,0;0,0;0,0;0,0;0,0;65,2;63,4;63,4;100,0;100,0;100,0;100,0;100,0;100,0;100,0;56,5;100,0
Barão de Cotegipe;49,4;51,9;51,8;51,7;97,6;97,4;96,2;100,0;100,0;51,4;100,0;100,0;100,0;100,0;100,0;100,0;100,0;100,0;100,0;100,0
Barão do Triunfo;0,0;0,0;0,0;0,0;0,0;0,0;0,0;0,0;0,0;0,0;47,6;49,2;0,0;48,8;47,1;46,9;46,7;0,0;46,4;46,3
Barracão;0,0;0,0;0,0;0,0;0,0;0,0;0,0;0,0;0,0;0,0;0,0;0,0;100,0;100,0;100,0;100,0;100,0;100,0;100,0;100,0
Barra do Guarita;0,0;0,0;0,0;93,5;91,3;90,7;84,9;100,0;100,0;100,0;100,0;100,0;100,0;100,0;100,0;100,0;100,0;100,0;100,0;100,0
Barra do Quaraí;0,0;0,0;0,0;0,0;0,0;0,0;0,0;0,0;91,4;89,0;89,1;86,0;85,8;85,6;82,6;100,0;100,0;100,0;100,0;100,0
Barra do Ribeiro;0,0;0,0;0,0;56,0;55,5;82,6;82,0;81,8;60,1;87,9;88,0;82,3;82,0;81,6;78,7;52,2;78,0;77,7;77,4;77,1
Barra do Rio Azul;97,8;0,0;0,0;0,0;102,2;103,9;100,3;100,0;100,0;100,0;100,0;100,0;100,0;100,0;100,0;100,0;100,0;100,0;100,0;100,0
Barra Funda;0,0;0,0;0,0;0,0;98,7;97,9;100,5;100,0;100,0;100,0;100,0;100,0;100,0;100,0;100,0;100,0;100,0;100,0;100,0;100,0
Barros Cassal;0,0;0,0;0,0;0,0;0,0;0,0;0,0;0,0;0,0;0,0;0,0;0,0;0,0;31,1;30,1;90,2;60,1;90,1;90,1;61,5
Benjamin Constant do Sul;101,9;101,9;100,9;101,6;101,8;103,3;100,2;100,0;100,0;100,0;100,0;100,0;100,0;100,0;100,0;100,0;100,0;100,0;100,0;100,0
Bento Gonçalves;11,2;10,9;7,1;10,5;10,2;26,8;26,4;26,4;27,4;26,1;25,8;32,2;38,2;34,6;31,0;33,8;33,5;33,2;36,0;34,8
Boa Vista das Missões;0,0;0,0;0,0;0,0;0,0;100,4;101,0;100,0;100,0;100,0;100,0;100,0;100,0;100,0;100,0;100,0;100,0;100,0;100,0;100,0
Boa Vista do Buricá;0,0;0,0;0,0;0,0;0,0;0,0;0,0;0,0;100,0;100,0;100,0;100,0;100,0;100,0;100,0;100,0;100,0;100,0;100,0;100,0
Boa Vista do Cadeado;**;0,0;99,4;99,6;99,8;99,7;100,6;100,0;100,0;100,0;100,0;100,0;100,0;100,0;100,0;100,0;100,0;82,0;100,0;100,0
Boa Vista do Incra;**;0,0;0,0;96,9;96,4;95,6;97,0;100,0;100,0;100,0;100,0;100,0;100,0;100,0;100,0;100,0;100,0;100,0;100,0;100,0
Boa Vista do Sul;0,0;0,0;0,0;0,0;0,0;0,0;0,0;0,0;0,0;0,0;0,0;0,0;0,0;0,0;0,0;0,0;0,0;0,0;0,0;0,0
Bom Jesus;0,0;0,0;0,0;0,0;0,0;0,0;28,9;62,3;58,3;56,6;56,6;59,9;60,1;60,3;58,4;58,4;87,7;87,8;87,9;90,9
Bom Princípio;36,1;97,9;95,2;94,2;93,6;91,4;91,4;94,2;94,9;89,8;88,2;100,0;100,0;100,0;100,0;100,0;100,0;100,0;100,0;99,7
Bom Progresso;0,0;0,0;103,5;105,6;107,6;109,5;111,6;100,0;100,0;100,0;100,0;100,0;100,0;100,0;100,0;100,0;100,0;100,0;100,0;100,0
Bom Retiro do Sul;0,0;0,0;0,0;0,0;0,0;0,0;0,0;0,0;0,0;0,0;0,0;0,0;0,0;0,0;0,0;28,6;28,5;56,8;56,5;56,3
Boqueirão do Leão;0,0;0,0;0,0;0,0;0,0;0,0;0,0;0,0;0,0;42,7;42,6;45,0;45,0;45,1;43,6;43,6;43,6;87,2;87,2;89,3
Bossoroca;0,0;0,0;0,0;45,7;92,4;93,3;94,2;90,5;90,2;87,6;100,0;100,0;100,0;100,0;100,0;100,0;100,0;100,0;100,0;100,0
Bozano;**;0,0;101,2;102,2;103,4;103,8;106,4;0,0;100,0;100,0;100,0;100,0;100,0;100,0;100,0;100,0;100,0;100,0;100,0;100,0
Braga;0,0;0,0;0,0;0,0;85,6;101,4;96,4;100,0;100,0;100,0;100,0;100,0;100,0;100,0;92,4;100,0;100,0;100,0;100,0;100,0
Brochier;0,0;0,0;0,0;0,0;0,0;74,1;73,4;74,9;73,4;71,2;70,8;73,8;73,4;73,0;70,4;70,0;69,7;69,3;69,1;68,4
Butiá;0,0;0,0;0,0;16,7;16,6;0,0;0,0;0,0;0,0;0,0;0,0;0,0;0,0;0,0;49,0;65,2;65,1;65,0;81,2;82,4
Caçapava do Sul;19,8;19,8;19,8;19,8;29,7;29,7;49,6;10,0;53,0;51,9;52,2;51,2;51,3;51,4;49,7;49,8;39,8;49,8;49,8;51,2
Cacequi;0,0;0,0;22,9;23,1;23,3;70,7;71,3;69,4;75,9;75,3;76,2;75,7;76,4;100,0;99,8;100,0;100,0;100,0;100,0;100,0
Cachoeira do Sul;11,7;11,7;11,8;7,9;7,9;11,9;11,9;11,5;12,2;19,9;19,9;20,6;20,7;20,7;24,1;28,1;32,2;32,2;32,3;33,4
Cachoeirinha;0,0;0,0;0,0;0,0;0,0;8,9;11,7;5,7;24,5;23,5;23,4;14,6;23,2;25,9;33,3;41,3;41,1;38,1;37,9;37,4
Cacique Doble;0,0;0,0;0,0;0,0;0,0;0,0;0,0;0,0;0,0;0,0;68,9;70,9;70,8;70,7;68,2;68,1;67,9;67,8;67,6;68,2
Caibaté;0,0;0,0;0,0;98,6;98,1;98,5;96,6;100,0;100,0;100,0;100,0;100,0;100,0;100,0;100,0;100,0;100,0;100,0;100,0;100,0
Caiçara;0,0;0,0;0,0;0,0;63,5;64,0;64,4;67,4;66,6;100,0;100,0;100,0;100,0;100,0;100,0;100,0;100,0;100,0;100,0;100,0
Camaquã;0,0;0,0;0,0;0,0;5,5;16,4;10,9;16,1;28,5;27,6;5,5;0,0;0,0;0,0;0,0;0,0;0,0;0,0;36,5;31,3
Camargo;0,0;0,0;97,7;96,8;96,1;95,5;94,6;0,0;100,0;100,0;100,0;100,0;100,0;100,0;100,0;100,0;100,0;100,0;100,0;100,0
Cambará do Sul;0,0;0,0;0,0;99,3;99,1;99,4;98,4;100,0;100,0;100,0;100,0;100,0;100,0;100,0;100,0;100,0;100,0;100,0;100,0;100,0
Campestre da Serra;0,0;0,0;98,5;98,2;98,1;97,6;98,3;100,0;100,0;100,0;100,0;100,0;100,0;0,0;100,0;100,0;100,0;86,3;100,0;100,0
Campina das Missões;0,0;0,0;0,0;0,0;101,2;52,1;99,8;100,0;100,0;100,0;100,0;100,0;100,0;100,0;56,0;100,0;100,0;57,2;100,0;100,0
Campinas do Sul;0,0;0,0;60,2;99,0;98,8;98,9;97,9;100,0;61,7;100,0;100,0;100,0;100,0;100,0;100,0;100,0;61,1;100,0;100,0;100,0
Campo Bom;0,0;0,0;36,7;42,2;41,6;41,1;23,2;17,7;54,9;52,7;58,1;57,4;62,7;62,2;59,9;64,9;69,9;69,5;79,7;78,2
Campo Novo;97,3;97,7;102,7;104,3;105,6;107,6;106,9;0,0;100,0;100,0;100,0;63,2;100,0;100,0;100,0;100,0;100,0;100,0;100,0;100,0
Campos Borges;0,0;0,0;91,4;92,0;92,6;93,1;93,6;92,6;96,8;94,0;93,4;98,7;99,4;100,0;96,9;100,0;100,0;100,0;100,0;100,0
Candelária;0,0;0,0;0,0;11,4;11,3;22,6;22,5;33,4;35,2;34,1;34,0;34,3;34,3;30,8;33,0;33,0;21,9;39,4;32,8;33,1
Cândido Godói;0,0;0,0;98,0;98,7;98,6;99,2;96,2;100,0;100,0;100,0;100,0;100,0;100,0;100,0;100,0;100,0;100,0;100,0;100,0;100,0
Candiota;0,0;0,0;0,0;0,0;0,0;0,0;39,5;69,9;100,0;100,0;100,0;100,0;100,0;100,0;100,0;100,0;100,0;100,0;100,0;100,0
Canela;30,5;29,8;38,8;28,5;37,3;27,5;45,0;43,0;45,0;51,2;50,3;52,8;52,2;51,7;49,7;49,2;48,8;48,4;48,1;46,5
Canguçu;20,0;0,0;19,7;13,0;19,4;19,3;19,2;19,8;19,3;18,6;18,5;25,9;25,8;25,8;31,1;31,0;30,9;30,8;30,7;30,9
Canoas;0,0;0,0;0,0;0,0;10,8;10,7;11,7;11,4;11,6;11,5;11,4;11,7;11,7;28,5;43,8;60,5;60,7;59,6;62,9;58,3
Canudos do Vale;**;0,0;0,0;0,0;106,5;107,2;112,4;100,0;100,0;100,0;100,0;100,0;100,0;100,0;100,0;100,0;100,0;100,0;100,0;100,0
Capão Bonito do Sul;**;0,0;0,0;0,0;0,0;0,0;0,0;0,0;0,0;0,0;0,0;0,0;0,0;0,0;0,0;100,0;100,0;100,0;100,0;100,0
Capão da Canoa;0,0;0,0;0,0;0,0;0,0;0,0;0,0;0,0;0,0;0,0;8,4;16,4;16,1;31,5;30,2;29,7;58,5;65,0;57,0;59,7
Capão do Cipó;**;0,0;0,0;0,0;90,4;93,0;100,6;100,0;100,0;100,0;99,0;100,0;100,0;100,0;100,0;100,0;100,0;100,0;100,0;100,0
Capão do Leão;0,0;0,0;0,0;0,0;0,0;0,0;0,0;0,0;0,0;0,0;0,0;0,0;0,0;0,0;0,0;0,0;0,0;0,0;13,5;13,6
Capivari do Sul;98,2;97,2;94,7;93,5;92,7;90,4;92,6;97,2;100,0;98,8;97,8;88,7;87,3;86,1;82,6;81,6;80,7;79,9;79,1;75,2
Capela de Santana;0,0;0,0;0,0;0,0;31,4;30,8;30,3;28,9;94,5;90,2;89,1;89,1;88,2;87,3;56,0;61,6;91,7;91,0;90,4;87,6
Capitão;0,0;0,0;0,0;0,0;101,1;100,6;104,4;100,0;100,0;100,0;100,0;100,0;100,0;100,0;100,0;75,3;100,0;100,0;100,0;100,0
Carazinho;62,9;70,8;70,3;69,9;69,5;69,2;68,8;66,8;71,1;68,8;68,6;69,8;69,6;69,5;67,1;66,9;66,7;61,0;66,4;66,8
Caraá;0,0;0,0;0,0;0,0;93,7;48,7;92,8;100,0;48,4;92,0;90,7;94,4;93,5;0,0;89,1;100,0;100,0;100,0;100,0;100,0
Carlos Barbosa;0,0;0,0;0,0;0,0;0,0;0,0;0,0;0,0;14,4;0,0;0,0;0,0;0,0;0,0;0,0;25,3;25,0;24,8;24,6;23,5
Carlos Gomes;105,4;105,6;100,0;99,5;98,7;100,2;93,5;100,0;100,0;100,0;100,0;100,0;100,0;100,0;100,0;100,0;100,0;100,0;100,0;100,0
Casca;0,0;0,0;80,1;79,7;79,3;78,9;78,6;39,2;82,3;79,9;79,7;79,8;79,6;79,5;76,7;76,5;76,3;38,1;38,0;76,6
Caseiros;0,0;0,0;0,0;0,0;0,0;0,0;0,0;0,0;0,0;0,0;0,0;0,0;0,0;0,0;0,0;0,0;100,0;100,0;100,0;100,0
Catuípe;0,0;0,0;100,0;100,2;100,2;100,9;99,2;0,0;100,0;100,0;100,0;100,0;100,0;100,0;100,0;100,0;100,0;100,0;100,0;100,0
Caxias do Sul;0,0;0,0;0,0;0,0;11,1;20,9;21,3;21,8;22,5;22,1;26,9;23,8;24,7;27,0;27,4;29,4;29,8;27,9;32,8;32,6
Centenário;0,0;109,4;99,1;99,2;98,9;99,2;97,6;100,0;100,0;100,0;100,0;100,0;100,0;100,0;100,0;100,0;100,0;100,0;100,0;100,0
Cerrito;0,0;0,0;0,0;101,3;101,9;0,0;0,0;0,0;0,0;0,0;0,0;0,0;0,0;0,0;52,9;53,1;53,2;100,0;100,0;100,0
Cerro Branco;0,0;0,0;78,5;77,9;77,4;96,0;95,7;100,0;100,0;100,0;100,0;100,0;100,0;100,0;100,0;100,0;100,0;100,0;100,0;100,0
Cerro Grande;0,0;0,0;98,9;98,2;97,4;97,9;93,9;100,0;100,0;100,0;100,0;100,0;100,0;100,0;100,0;100,0;100,0;100,0;100,0;100,0
Cerro Grande do Sul;0,0;0,0;0,0;0,0;0,0;0,0;0,0;39,0;37,4;71,0;70,0;67,2;99,3;97,9;62,7;92,9;91,9;91,0;90,1;85,8
Cerro Largo;0,0;0,0;0,0;0,0;0,0;25,9;51,5;56,5;55,3;53,7;53,7;77,9;77,6;0,0;99,5;99,1;98,7;98,4;98,1;98,1
Chapada;0,0;0,0;0,0;0,0;35,4;70,9;71,0;100,0;100,0;100,0;100,0;100,0;100,0;100,0;100,0;100,0;100,0;100,0;100,0;96,5
Charqueadas;96,8;96,2;96,2;95,5;93,6;0,0;90,3;100,0;100,0;97,2;95,7;100,0;100,0;100,0;91,8;100,0;90,1;89,4;97,6;100,0
Charrua;90,5;91,2;92,0;92,6;93,3;93,9;94,5;92,7;96,3;94,3;94,7;99,4;60,1;60,5;97,7;0,0;98,4;98,8;99,1;100,0
Chiapetta;0,0;0,0;101,5;102,6;103,7;109,4;80,6;0,0;100,0;83,5;84,3;100,0;100,0;100,0;100,0;100,0;100,0;100,0;100,0;90,9
Chuí;0,0;0,0;0,0;0,0;0,0;0,0;0,0;0,0;0,0;0,0;0,0;0,0;0,0;0,0;0,0;0,0;0,0;53,8;53,4;52,0
Chuvisca;0,0;0,0;0,0;0,0;0,0;0,0;0,0;0,0;0,0;0,0;0,0;0,0;0,0;0,0;0,0;0,0;0,0;0,0;0,0;0,0
Cidreira;77,4;74,8;93,4;92,6;92,3;88,9;88,2;88,0;95,1;89,1;87,1;81,7;79,9;78,2;74,8;98,0;96,5;95,1;93,8;86,7
Ciríaco;0,0;0,0;0,0;0,0;97,7;98,1;94,8;0,0;100,0;100,0;100,0;100,0;100,0;100,0;100,0;100,0;100,0;100,0;100,0;100,0
Colinas;94,1;92,4;98,5;98,0;97,5;97,5;95,9;100,0;100,0;100,0;100,0;100,0;100,0;100,0;100,0;100,0;100,0;100,0;100,0;100,0
Colorado;0,0;0,0;0,0;87,6;88,7;89,8;90,8;90,0;92,1;90,7;91,5;97,2;98,3;99,4;100,0;100,0;98,0;100,0;100,0;100,0
Condor;0,0;0,0;98,6;98,3;98,1;97,7;97,8;0,0;0,0;100,0;100,0;100,0;100,0;100,0;100,0;100,0;100,0;100,0;100,0;100,0
Constantina;**;0,0;69,4;69,3;96,9;96,7;94,9;100,0;70,1;100,0;100,0;100,0;100,0;100,0;100,0;100,0;100,0;100,0;100,0;100,0
Coqueiro Baixo;**;0,0;0,0;0,0;0,0;0,0;0,0;0,0;0,0;0,0;100,0;100,0;100,0;100,0;100,0;100,0;100,0;100,0;100,0;100,0
Coqueiros do Sul;0,0;0,0;100,1;100,2;100,3;101,0;99,3;0,0;100,0;100,0;100,0;100,0;100,0;100,0;100,0;100,0;100,0;100,0;100,0;100,0
Coronel Barros;96,6;96,0;98,7;98,5;98,4;98,1;98,2;0,0;100,0;100,0;100,0;100,0;100,0;100,0;100,0;100,0;100,0;100,0;0,0;100,0
Coronel Bicaco;40,6;40,9;82,5;98,6;97,9;99,7;96,0;100,0;100,0;100,0;43,3;100,0;100,0;100,0;100,0;100,0;100,0;100,0;100,0;100,0
Coronel Pilar;**;0,0;0,0;0,0;0,0;0,0;0,0;0,0;0,0;0,0;0,0;0,0;0,0;0,0;0,0;0,0;0,0;0,0;0,0;0,0
Cotiporã;0,0;0,0;0,0;99,7;99,8;100,0;99,7;100,0;100,0;100,0;70,6;100,0;100,0;100,0;100,0;100,0;100,0;100,0;100,0;100,0
Coxilha;0,0;0,0;0,0;99,9;100,0;100,4;100,0;100,0;100,0;100,0;100,0;100,0;100,0;100,0;100,0;100,0;100,0;100,0;100,0;100,0
Crissiumal;0,0;0,0;0,0;0,0;0,0;69,7;92,3;0,0;93,7;0,0;91,4;98,0;98,6;99,1;100,0;100,0;100,0;100,0;100,0;100,0
Cristal;0,0;0,0;0,0;0,0;0,0;0,0;0,0;0,0;0,0;0,0;0,0;0,0;0,0;0,0;0,0;100,0;100,0;100,0;100,0;100,0
Cristal do Sul;91,7;90,0;98,5;98,0;97,4;97,4;95,7;100,0;100,0;100,0;100,0;100,0;100,0;100,0;100,0;100,0;100,0;100,0;100,0;100,0
Cruz Alta;4,8;10,2;10,3;10,3;15,6;26,1;26,2;30,0;32,6;37,3;48,2;54,9;66,3;66,6;86,1;97,1;100,0;91,1;97,9;100,0
Cruzaltense;**;0,0;102,1;103,9;105,3;107,0;107,3;100,0;100,0;100,0;100,0;100,0;100,0;100,0;100,0;100,0;100,0;100,0;100,0;100,0
Cruzeiro do Sul;0,0;0,0;0,0;0,0;0,0;0,0;0,0;0,0;28,3;27,2;27,1;56,0;55,8;55,6;53,6;56,9;56,7;56,5;56,3;56,1
David Canabarro;0,0;0,0;0,0;72,0;99,2;100,9;101,6;0,0;100,0;100,0;100,0;100,0;100,0;73,8;100,0;100,0;100,0;100,0;100,0;100,0
Derrubadas;0,0;0,0;0,0;96,5;97,9;99,2;94,3;100,0;100,0;100,0;100,0;100,0;100,0;100,0;100,0;100,0;100,0;100,0;100,0;100,0
Dezesseis de Novembro;0,0;0,0;0,0;101,6;101,8;103,5;99,7;100,0;100,0;100,0;100,0;100,0;100,0;100,0;100,0;100,0;100,0;100,0;100,0;100,0
Dilermando de Aguiar;106,4;107,3;100,3;101,4;102,3;102,5;104,8;100,0;100,0;100,0;0,0;0,0;0,0;0,0;100,0;100,0;100,0;100,0;100,0;100,0
Dois Irmãos;0,0;0,0;0,0;0,0;13,6;13,3;13,0;0,0;27,8;26,5;26,1;25,0;24,7;12,2;23,4;46,2;80,0;79,3;89,7;85,7
Dois Irmãos das Missões;116,5;117,1;98,6;97,7;96,5;97,2;91,6;100,0;100,0;100,0;100,0;100,0;100,0;100,0;100,0;100,0;100,0;100,0;100,0;100,0
Dois Lajeados;0,0;0,0;0,0;0,0;0,0;97,1;96,7;0,0;100,0;99,7;99,0;100,0;100,0;100,0;100,0;100,0;100,0;100,0;100,0;100,0
Dom Feliciano;0,0;0,0;49,4;48,9;48,5;48,1;47,8;47,5;71,4;68,3;67,6;48,0;38,2;71,4;68,8;45,7;22,7;45,3;67,7;45,0
Dom Pedro de Alcântara;0,0;0,0;0,0;102,6;104,2;104,3;109,0;100,0;100,0;100,0;100,0;100,0;100,0;100,0;100,0;100,0;100,0;100,0;100,0;100,0
Dom Pedrito;0,0;0,0;0,0;0,0;0,0;0,0;0,0;0,0;0,0;0,0;0,0;0,0;8,9;8,9;25,9;34,6;43,2;34,6;60,6;62,6
Dona Francisca;87,7;89,0;90,3;91,4;92,6;108,6;112,6;100,0;100,0;100,0;100,0;100,0;100,0;100,0;100,0;100,0;100,0;100,0;100,0;100,0
Doutor Maurício Cardoso;0,0;0,0;101,2;101,7;101,9;103,5;100,2;100,0;100,0;100,0;100,0;100,0;100,0;100,0;100,0;100,0;100,0;66,9;100,0;100,0
Doutor Ricardo;106,0;108,2;100,3;100,8;101,5;101,7;103,0;100,0;100,0;100,0;100,0;100,0;100,0;100,0;100,0;100,0;100,0;100,0;100,0;100,0
Eldorado do Sul;0,0;0,0;0,0;0,0;0,0;0,0;0,0;0,0;0,0;20,8;20,5;20,1;19,8;19,5;18,7;18,5;18,3;18,1;26,8;25,5
Encantado;0,0;18,2;17,9;17,6;34,7;34,3;33,9;34,5;35,3;33,9;33,6;33,6;66,8;66,3;63,9;63,4;56,8;62,7;62,4;61,3
Encruzilhada do Sul;0,0;0,0;0,0;0,0;0,0;0,0;41,7;54,3;71,4;68,9;68,6;70,3;70,1;69,9;67,5;67,3;0,0;66,9;66,7;40,1
Engenho Velho;0,0;0,0;0,0;103,5;103,7;107,1;99,1;100,0;0,0;100,0;100,0;100,0;100,0;100,0;100,0;100,0;100,0;100,0;100,0;0,0
Entre-Ijuís;0,0;0,0;0,0;0,0;0,0;0,0;0,0;0,0;0,0;0,0;0,0;0,0;77,7;78,2;100,0;100,0;76,4;100,0;100,0;100,0
Entre Rios do Sul;0,0;99,3;99,7;99,6;99,1;100,2;95,8;100,0;100,0;100,0;100,0;100,0;100,0;100,0;0,0;100,0;100,0;100,0;100,0;100,0
Erebango;0,0;101,1;98,4;97,8;97,2;97,1;95,1;100,0;100,0;100,0;100,0;100,0;100,0;100,0;100,0;100,0;100,0;100,0;100,0;100,0
Erechim;7,6;7,7;11,4;18,7;18,5;18,3;21,7;27,5;29,7;32,0;38,8;39,5;46,4;46,0;44,4;57,6;57,3;53,6;60,0;59,1
Ernestina;0,0;0,0;98,6;98,7;98,7;101,4;102,7;0,0;100,0;100,0;100,0;100,0;100,0;100,0;100,0;100,0;100,0;100,0;100,0;100,0
Herval;0,0;0,0;0,0;0,0;0,0;0,0;115,0;100,0;100,0;100,0;100,0;100,0;100,0;100,0;100,0;100,0;100,0;100,0;100,0;100,0
Erval Grande;0,0;0,0;61,7;62,1;62,6;63,0;85,1;100,0;100,0;100,0;100,0;100,0;100,0;100,0;100,0;100,0;100,0;100,0;100,0;100,0
Erval Seco;0,0;0,0;0,0;0,0;39,6;40,2;40,7;41,0;42,0;41,6;42,1;43,8;88,7;89,8;100,0;100,0;100,0;100,0;100,0;100,0
Esmeralda;0,0;0,0;0,0;0,0;96,0;95,6;94,1;0,0;100,0;100,0;100,0;100,0;100,0;100,0;100,0;100,0;100,0;100,0;100,0;100,0
Esperança do Sul;0,0;0,0;93,8;95,0;98,7;99,9;94,7;100,0;100,0;100,0;100,0;100,0;100,0;100,0;100,0;100,0;100,0;100,0;100,0;100,0
Espumoso;0,0;0,0;0,0;0,0;0,0;0,0;0,0;0,0;0,0;0,0;0,0;0,0;0,0;0,0;21,9;21,8;21,8;21,8;87,1;88,6
Estação;0,0;0,0;55,2;55,2;55,3;55,4;55,5;51,2;56,7;55,1;100,0;100,0;100,0;100,0;100,0;100,0;100,0;100,0;100,0;100,0
Estância Velha;0,0;0,0;36,7;35,8;35,0;42,8;41,9;42,8;67,7;64,0;62,9;64,8;64,0;63,2;60,7;60,0;59,4;58,9;58,4;55,9
Esteio;4,3;4,3;0,0;0,0;4,2;4,2;0,0;0,0;8,8;8,5;12,8;12,8;12,8;12,8;37,1;53,5;53,4;45,1;53,2;54,0
Estrela;0,0;0,0;0,0;0,0;11,7;11,5;22,8;23,3;23,7;22,8;22,5;11,3;0,0;0,0;21,4;31,8;31,6;31,4;31,2;30,6
Estrela Velha;0,0;0,0;0,0;0,0;0,0;0,0;92,4;94,1;94,3;91,5;91,3;95,1;95,2;95,3;100,0;100,0;100,0;100,0;100,0;100,0
Eugênio de Castro;103,3;104,9;102,2;103,0;103,9;105,5;104,7;100,0;100,0;100,0;100,0;100,0;100,0;100,0;100,0;100,0;100,0;100,0;100,0;100,0
Fagundes Varela;0,0;0,0;0,0;96,2;95,2;94,5;93,0;100,0;100,0;100,0;100,0;100,0;100,0;100,0;100,0;100,0;100,0;100,0;100,0;100,0
Farroupilha;12,4;12,1;17,8;17,4;17,1;22,4;22,1;27,4;28,8;27,5;27,2;32,5;32,2;31,9;30,7;33,5;45,3;45,0;44,6;41,9
Faxinal do Soturno;0,0;0,0;0,0;0,0;50,1;50,1;50,1;49,3;54,4;0,0;53,8;51,7;51,8;51,9;50,2;100,0;100,0;100,0;100,0;100,0
Faxinalzinho;0,0;106,5;101,0;101,9;102,6;103,7;102,9;100,0;100,0;100,0;100,0;100,0;100,0;100,0;100,0;100,0;100,0;100,0;100,0;100,0
Fazenda Vilanova;97,4;95,6;93,3;91,7;90,3;87,7;90,1;100,0;100,0;100,0;100,0;93,3;91,7;90,1;86,4;85,2;100,0;100,0;100,0;100,0
Feliz;30,3;29,8;29,4;29,0;28,6;85,0;103,4;100,0;100,0;100,0;100,0;83,7;100,0;100,0;100,0;100,0;100,0;78,4;100,0;100,0
Flores da Cunha;0,0;0,0;0,0;0,0;0,0;0,0;0,0;0,0;13,6;13,1;12,9;12,7;20,2;27,5;36,0;42,9;33,1;39,9;58,3;47,6
Floriano Peixoto;104,3;105,7;101,3;102,0;102,5;103,9;101,9;100,0;100,0;100,0;100,0;100,0;100,0;100,0;100,0;100,0;100,0;100,0;100,0;100,0
Fontoura Xavier;0,0;0,0;0,0;60,7;61,0;61,3;61,5;62,6;62,3;91,1;91,3;96,6;97,1;97,6;94,6;94,8;95,1;95,3;100,0;100,0
Formigueiro;45,1;0,0;0,0;0,0;0,0;93,2;93,7;91,7;0,0;0,0;0,0;0,0;0,0;0,0;48,3;96,9;97,2;48,8;97,8;51,4
Forquetinha;**;0,0;0,0;0,0;0,0;0,0;0,0;0,0;100,0;100,0;100,0;0,0;0,0;0,0;0,0;0,0;0,0;0,0;100,0;100,0
Fortaleza dos Valos;0,0;0,0;0,0;70,3;70,8;71,2;71,7;100,0;100,0;100,0;100,0;100,0;100,0;100,0;100,0;100,0;100,0;100,0;100,0;79,2
Frederico Westphalen;0,0;0,0;0,0;12,3;24,4;24,1;23,9;24,5;25,3;24,4;24,3;23,9;47,6;47,3;45,6;56,7;67,7;67,4;78,3;77,6
Garibaldi;0,0;0,0;0,0;0,0;0,0;0,0;0,0;0,0;0,0;0,0;0,0;0,0;0,0;22,0;31,8;37,8;41,7;41,3;41,0;19,9
Garruchos;93,2;94,4;95,6;96,8;97,9;98,9;100,0;85,2;99,8;97,8;98,3;100,0;100,0;100,0;100,0;100,0;100,0;100,0;100,0;100,0
Gaurama;0,0;0,0;100,6;101,2;101,8;102,4;102,5;100,0;100,0;100,0;100,0;100,0;100,0;100,0;100,0;100,0;100,0;100,0;100,0;100,0
General Câmara;0,0;0,0;0,0;0,0;0,0;0,0;0,0;0,0;0,0;0,0;0,0;0,0;0,0;0,0;0,0;79,5;100,0;100,0;79,6;100,0
Gentil;0,0;0,0;0,0;98,4;97,8;98,2;95,4;0,0;100,0;100,0;100,0;100,0;100,0;100,0;100,0;100,0;100,0;100,0;100,0;100,0
Getúlio Vargas;20,7;20,7;20,7;41,5;41,5;41,5;41,5;42,9;43,2;42,1;42,2;64,1;85,6;85,7;82,9;62,2;82,9;82,9;82,9;85,0
Giruá;18,3;18,4;18,6;18,7;37,8;38,0;38,3;38,6;60,6;79,8;80,5;80,8;81,4;82,0;79,6;99,9;100,0;100,0;100,0;100,0
Glorinha;0,0;0,0;0,0;0,0;0,0;0,0;0,0;0,0;0,0;0,0;0,0;0,0;0,0;0,0;0,0;0,0;0,0;45,5;83,4;79,9
Gramado;0,0;0,0;0,0;0,0;0,0;0,0;0,0;0,0;0,0;10,4;10,2;10,7;10,6;10,5;10,1;10,0;10,0;9,9;59,1;57,7
Gramado dos Loureiros;94,3;93,8;100,6;101,6;102,2;103,1;103,4;100,0;100,0;100,0;100,0;100,0;100,0;100,0;100,0;100,0;100,0;100,0;100,0;100,0
Gramado Xavier;0,0;0,0;0,0;0,0;0,0;87,9;87,1;92,4;88,2;84,5;83,7;86,9;86,4;85,9;82,8;82,3;81,9;0,0;81,2;80,3
Gravataí;0,0;0,0;0,0;0,0;0,0;0,0;2,7;12,7;25,1;24,6;24,3;25,6;25,5;29,3;28,2;51,0;52,0;51,7;50,2;49,4
Guabiju;0,0;0,0;0,0;0,0;0,0;0,0;104,3;100,0;100,0;100,0;100,0;0,0;100,0;100,0;100,0;100,0;100,0;100,0;100,0;100,0
Guaíba;0,0;0,0;0,0;0,0;0,0;0,0;0,0;0,0;0,0;0,0;0,0;0,0;0,0;0,0;3,5;7,0;7,0;13,9;20,8;21,1
Guaporé;0,0;0,0;0,0;0,0;0,0;0,0;15,4;15,6;32,2;30,8;45,8;45,4;45,0;59,4;100,0;99,3;98,5;97,9;97,2;94,8
Guarani das Missões;0,0;0,0;0,0;0,0;0,0;0,0;0,0;0,0;0,0;0,0;41,0;42,5;42,9;43,2;83,9;100,0;84,7;100,0;100,0;100,0
Harmonia;0,0;0,0;89,3;87,4;85,8;0,0;83,0;84,3;94,3;0,0;0,0;0,0;0,0;79,4;100,0;100,0;100,0;100,0;100,0;100,0
Herveiras;0,0;0,0;0,0;99,0;99,0;98,8;99,4;100,0;100,0;100,0;100,0;100,0;100,0;100,0;100,0;100,0;100,0;100,0;100,0;100,0
Horizontina;0,0;0,0;0,0;18,9;18,8;37,4;55,8;75,8;75,4;72,6;72,1;94,0;93,8;93,5;90,3;90,0;100,0;100,0;100,0;100,0
Hulha Negra;0,0;0,0;0,0;0,0;0,0;0,0;0,0;100,0;100,0;100,0;100,0;100,0;100,0;100,0;100,0;100,0;100,0;52,9;0,0;100,0
Humaitá;0,0;0,0;98,4;66,4;66,7;97,0;92,6;0,0;100,0;100,0;100,0;100,0;100,0;100,0;100,0;100,0;100,0;100,0;100,0;100,0
Ibarama;0,0;0,0;0,0;0,0;0,0;94,5;89,8;86,9;100,0;100,0;100,0;100,0;100,0;100,0;100,0;100,0;100,0;100,0;100,0;100,0
Ibiaçá;0,0;0,0;97,8;70,9;71,0;0,0;71,0;0,0;73,7;71,8;71,9;73,2;73,4;73,5;71,1;71,2;71,2;71,2;71,2;73,1
Ibiraiaras;0,0;0,0;47,5;94,8;94,5;94,3;94,1;98,5;97,3;94,4;94,3;96,2;96,2;96,2;93,0;92,8;92,7;92,6;92,5;94,0
Ibirapuitã;0,0;0,0;98,3;97,4;96,5;96,7;93,2;100,0;100,0;100,0;100,0;100,0;100,0;100,0;100,0;82,8;100,0;100,0;83,0;85,7
Ibirubá;0,0;0,0;0,0;0,0;0,0;0,0;0,0;0,0;18,5;17,9;17,8;17,9;17,8;17,8;51,5;51,3;68,2;68,0;100,0;85,0
Igrejinha;0,0;0,0;0,0;0,0;11,6;34,2;33,6;44,0;44,4;41,9;41,1;43,6;43,1;42,6;71,6;81,1;80,4;79,7;79,1;75,7
Ijuí;8,7;9,0;13,3;13,2;13,1;13,1;17,3;0,0;36,0;47,8;47,6;48,1;52,3;60,8;62,9;62,7;62,5;62,3;62,1;70,5
Ilópolis;80,5;80,6;80,8;80,9;81,0;81,1;81,2;100,0;100,0;100,0;100,0;100,0;100,0;100,0;100,0;100,0;100,0;100,0;100,0;100,0
Imbé;0,0;0,0;0,0;0,0;0,0;0,0;0,0;0,0;0,0;0,0;0,0;0,0;0,0;0,0;0,0;17,5;17,3;17,0;16,8;15,5
Imigrante;0,0;0,0;97,7;97,4;96,7;96,4;95,2;100,0;100,0;100,0;100,0;100,0;100,0;96,8;100,0;100,0;100,0;100,0;100,0;100,0
Independência;0,0;0,0;0,0;0,0;97,2;97,9;98,7;96,2;100,0;100,0;100,0;100,0;100,0;100,0;100,0;100,0;100,0;100,0;100,0;100,0
Inhacorá;0,0;0,0;100,0;100,4;100,8;101,1;101,8;0,0;100,0;100,0;100,0;100,0;100,0;100,0;100,0;100,0;0,0;100,0;100,0;100,0
Ipê;0,0;0,0;95,6;93,8;92,1;91,0;88,6;100,0;100,0;100,0;100,0;100,0;100,0;90,5;100,0;100,0;100,0;100,0;100,0;100,0
Ipiranga do Sul;109,6;109,7;98,3;97,5;96,5;96,8;92,6;100,0;100,0;100,0;100,0;100,0;100,0;100,0;100,0;100,0;100,0;100,0;100,0;100,0
Iraí;0,0;0,0;0,0;0,0;39,0;39,5;96,0;100,0;100,0;100,0;100,0;100,0;100,0;100,0;100,0;85,5;100,0;100,0;87,1;100,0
Itaara;0,0;0,0;0,0;0,0;0,0;0,0;0,0;0,0;0,0;0,0;0,0;0,0;0,0;0,0;0,0;0,0;0,0;0,0;100,0;100,0
Itacurubi;0,0;0,0;0,0;0,0;0,0;0,0;0,0;0,0;0,0;0,0;0,0;0,0;0,0;0,0;100,0;97,2;100,0;100,0;97,1;99,4
Itapuca;0,0;0,0;0,0;102,3;103,1;104,3;103,8;100,0;100,0;100,0;100,0;100,0;100,0;100,0;100,0;100,0;100,0;100,0;100,0;100,0
Itaqui;0,0;0,0;0,0;0,0;0,0;8,7;17,4;24,2;28,5;28,1;28,3;27,1;36,3;36,4;35,2;44,1;44,1;44,2;44,2;45,7
Itati;**;0,0;0,0;103,8;105,6;106,3;110,1;0,0;100,0;100,0;100,0;100,0;100,0;100,0;100,0;100,0;100,0;100,0;100,0;100,0
Itatiba do Sul;0,0;66,8;100,8;100,7;100,1;102,2;94,7;100,0;100,0;100,0;100,0;100,0;100,0;100,0;100,0;100,0;100,0;100,0;100,0;100,0
Ivorá;0,0;0,0;0,0;103,2;104,3;105,5;105,9;100,0;100,0;100,0;100,0;100,0;100,0;100,0;100,0;100,0;100,0;100,0;100,0;100,0
Ivoti;0,0;0,0;0,0;0,0;0,0;0,0;18,3;0,0;0,0;0,0;0,0;0,0;0,0;0,0;16,1;47,6;47,0;0,0;0,0;0,0
Jaboticaba;0,0;0,0;0,0;99,6;99,3;100,1;97,0;100,0;100,0;100,0;100,0;100,0;100,0;100,0;100,0;100,0;100,0;100,0;100,0;100,0
Jacuizinho;**;0,0;0,0;0,0;0,0;0,0;0,0;0,0;0,0;0,0;0,0;0,0;0,0;0,0;100,0;100,0;100,0;100,0;100,0;100,0
Jacutinga;0,0;90,1;90,4;90,7;100,2;100,5;100,5;100,0;100,0;100,0;100,0;100,0;100,0;100,0;100,0;100,0;100,0;100,0;100,0;100,0
Jaguarão;0,0;0,0;0,0;0,0;0,0;0,0;0,0;0,0;0,0;0,0;24,4;24,7;24,9;50,0;48,5;60,8;73,1;73,3;73,5;77,0
Jaguari;0,0;0,0;0,0;0,0;0,0;28,4;28,6;0,0;0,0;0,0;0,0;0,0;0,0;30,5;29,6;29,7;29,8;55,3;55,4;63,1
Jaquirana;0,0;0,0;0,0;0,0;0,0;0,0;118,1;100,0;100,0;100,0;100,0;100,0;100,0;100,0;100,0;100,0;100,0;100,0;100,0;100,0
Jari;0,0;0,0;91,9;92,1;92,4;92,6;92,9;94,4;93,4;0,0;0,0;0,0;0,0;0,0;94,1;94,3;94,4;94,5;94,7;98,1
Jóia;0,0;0,0;0,0;81,8;81,5;81,3;81,1;0,0;100,0;100,0;100,0;100,0;100,0;100,0;100,0;79,8;100,0;100,0;100,0;100,0
Júlio de Castilhos;0,0;0,0;0,0;0,0;33,9;67,8;68,0;65,9;70,6;86,2;86,5;88,1;88,4;88,7;85,8;85,9;86,0;86,1;86,2;89,1
Lagoa Bonita do Sul;**;0,0;0,0;0,0;0,0;0,0;0,0;100,0;0,0;0,0;0,0;100,0;0,0;0,0;100,0;100,0;100,0;100,0;100,0;100,0
Lagoão;0,0;0,0;0,0;0,0;0,0;0,0;54,8;56,2;54,0;51,9;51,5;55,8;55,7;55,2;100,0;100,0;100,0;100,0;100,0;100,0
Lagoa dos Três Cantos;0,0;0,0;97,9;97,1;96,3;96,2;93,4;0,0;100,0;100,0;100,0;100,0;100,0;100,0;100,0;100,0;100,0;100,0;100,0;100,0
Lagoa Vermelha;0,0;0,0;0,0;24,5;24,4;24,4;24,4;23,9;25,2;24,4;48,9;50,1;50,2;50,2;48,6;60,7;60,7;60,6;60,6;62,0
Lajeado;5,3;5,6;5,4;10,6;15,5;20,3;24,9;0,0;30,7;29,1;28,7;29,0;42,9;42,4;63,4;62,1;61,5;59,3;60,5;58,2
Lajeado do Bugre;0,0;0,0;97,8;96,9;96,0;95,7;93,6;100,0;100,0;100,0;100,0;100,0;100,0;100,0;100,0;100,0;100,0;100,0;100,0;100,0
Lavras do Sul;0,0;0,0;0,0;0,0;0,0;0,0;0,0;0,0;0,0;0,0;0,0;0,0;0,0;0,0;43,9;87,9;88,1;88,2;100,0;100,0
Liberato Salzano;0,0;0,0;0,0;96,2;94,1;95,1;85,3;100,0;56,5;100,0;100,0;100,0;100,0;100,0;100,0;59,6;100,0;100,0;100,0;100,0
Lindolfo Collor;77,6;75,5;73,6;71,9;70,4;69,1;67,8;0,0;0,0;61,5;60,2;66,0;65,2;64,5;62,0;61,4;60,8;60,3;59,8;57,7
Linha Nova;0,0;0,0;0,0;0,0;0,0;0,0;0,0;0,0;0,0;0,0;0,0;0,0;0,0;0,0;0,0;0,0;0,0;0,0;0,0;0,0
Machadinho;59,8;59,9;60,0;60,1;60,2;60,3;60,4;0,0;62,7;61,2;61,4;62,6;62,8;63,0;61,0;61,0;61,1;61,1;61,2;63,1
Maçambará;0,0;0,0;0,0;0,0;0,0;0,0;0,0;0,0;0,0;0,0;0,0;0,0;0,0;0,0;0,0;71,4;71,5;71,7;71,8;74,8
Mampituba;100,0;100,9;99,7;100,3;100,7;100,8;101,9;100,0;100,0;100,0;100,0;100,0;100,0;100,0;100,0;100,0;100,0;100,0;100,0;100,0
Manoel Viana;0,0;0,0;0,0;96,7;96,3;96,0;95,7;87,3;100,0;99,1;99,2;97,6;97,5;97,4;94,1;47,0;93,8;93,6;93,5;94,6
Maquiné;46,9;0,0;0,0;0,0;0,0;0,0;0,0;0,0;0,0;0,0;45,1;50,0;50,2;50,4;97,6;97,8;98,0;98,2;100,0;100,0
Maratá;0,0;0,0;0,0;0,0;99,0;98,3;100,9;100,0;100,0;100,0;100,0;0,0;100,0;100,0;100,0;100,0;0,0;100,0;100,0;100,0
Marau;0,0;0,0;0,0;32,5;52,5;51,1;49,8;0,0;100,0;96,1;94,2;94,9;93,3;91,8;100,0;100,0;100,0;100,0;100,0;95,3
Marcelino Ramos;0,0;0,0;58,1;59,1;60,1;102,8;98,8;100,0;100,0;100,0;100,0;100,0;100,0;100,0;100,0;100,0;100,0;100,0;100,0;100,0
Mariana Pimentel;0,0;0,0;0,0;0,0;0,0;0,0;0,0;0,0;0,0;0,0;0,0;0,0;91,5;0,0;0,0;88,2;88,0;0,0;0,0;88,9
Mariano Moro;100,0;99,4;98,9;98,0;96,8;97,7;91,5;100,0;100,0;100,0;100,0;100,0;100,0;100,0;100,0;100,0;100,0;100,0;100,0;0,0
Marques de Souza;0,0;0,0;0,0;81,3;81,5;102,9;105,7;0,0;100,0;100,0;100,0;100,0;100,0;100,0;82,6;100,0;99,4;99,4;99,5;100,0
Mata;0,0;0,0;0,0;0,0;102,3;103,0;103,6;61,9;65,2;63,8;64,1;100,0;100,0;100,0;100,0;100,0;100,0;100,0;100,0;100,0
Mato Castelhano;0,0;0,0;0,0;0,0;0,0;0,0;103,2;100,0;100,0;100,0;100,0;100,0;100,0;100,0;100,0;100,0;100,0;100,0;100,0;100,0
Mato Leitão;0,0;97,4;95,5;94,4;93,6;91,6;92,2;96,4;96,2;91,4;90,1;89,3;88,1;100,0;100,0;100,0;100,0;100,0;100,0;100,0
Mato Queimado;**;0,0;100,6;100,9;101,2;102,1;100,4;100,0;100,0;100,0;100,0;100,0;100,0;100,0;100,0;100,0;100,0;100,0;100,0;100,0
Maximiliano de Almeida;0,0;0,0;0,0;0,0;0,0;0,0;95,7;0,0;100,0;100,0;100,0;100,0;100,0;100,0;100,0;100,0;100,0;100,0;100,0;100,0
Minas do Leão;0,0;0,0;0,0;0,0;0,0;0,0;0,0;0,0;0,0;0,0;0,0;0,0;0,0;0,0;43,4;43,2;86,1;85,9;85,6;100,0
Miraguaí;0,0;0,0;0,0;0,0;94,0;94,1;88,1;100,0;100,0;100,0;100,0;71,1;71,3;100,0;69,1;100,0;100,0;100,0;100,0;100,0
Montauri;0,0;0,0;0,0;0,0;0,0;0,0;0,0;0,0;0,0;0,0;0,0;0,0;100,0;100,0;100,0;100,0;100,0;100,0;100,0;100,0
Monte Alegre dos Campos;0,0;0,0;0,0;0,0;0,0;0,0;0,0;0,0;0,0;100,0;100,0;100,0;100,0;100,0;100,0;100,0;100,0;100,0;100,0;100,0
Monte Belo do Sul;0,0;91,0;100,4;100,9;101,3;101,9;102,0;100,0;100,0;100,0;100,0;100,0;100,0;100,0;100,0;100,0;100,0;100,0;100,0;100,0
Montenegro;0,0;0,0;0,0;0,0;6,0;11,8;17,5;17,1;18,2;17,5;17,4;17,4;17,3;17,2;16,6;16,5;16,4;16,3;21,6;26,6
Mormaço;0,0;0,0;0,0;0,0;92,6;91,3;90,3;0,0;100,0;100,0;100,0;100,0;100,0;100,0;100,0;100,0;100,0;100,0;100,0;100,0
Morrinhos do Sul;0,0;0,0;0,0;0,0;100,7;0,0;0,0;0,0;0,0;0,0;0,0;0,0;0,0;0,0;100,0;100,0;100,0;100,0;100,0;100,0
Morro Redondo;0,0;0,0;97,6;96,8;96,0;95,4;54,8;0,0;100,0;100,0;100,0;100,0;100,0;100,0;100,0;100,0;100,0;100,0;100,0;100,0
Morro Reuter;0,0;67,2;65,9;64,7;96,3;94,8;97,8;100,0;100,0;100,0;100,0;100,0;100,0;100,0;100,0;68,4;67,9;89,9;89,3;100,0
Mostardas;0,0;0,0;0,0;0,0;28,5;28,3;56,3;25,4;87,0;83,9;83,5;85,4;100,0;100,0;100,0;100,0;100,0;100,0;80,9;54,1
Muçum;0,0;0,0;0,0;0,0;0,0;0,0;0,0;0,0;100,0;100,0;100,0;100,0;100,0;100,0;100,0;100,0;100,0;100,0;100,0;100,0
Muitos Capões;0,0;0,0;0,0;0,0;0,0;0,0;0,0;0,0;100,0;100,0;100,0;0,0;100,0;0,0;66,4;93,8;93,5;93,2;92,9;93,1
Muliterno;0,0;0,0;0,0;0,0;94,8;94,4;91,8;0,0;100,0;100,0;100,0;100,0;100,0;100,0;100,0;100,0;100,0;100,0;100,0;100,0
Não-Me-Toque;0,0;0,0;0,0;0,0;22,3;44,1;43,6;0,0;45,3;43,5;43,1;64,9;64,5;64,0;82,2;81,7;81,2;80,7;80,3;78,9
Nicolau Vergueiro;0,0;0,0;0,0;100,4;100,8;101,1;101,5;0,0;100,0;100,0;100,0;100,0;100,0;100,0;0,0;100,0;100,0;100,0;100,0;100,0
Nonoai;0,0;0,0;0,0;27,1;27,2;54,6;27,4;53,2;56,0;54,6;54,8;57,1;28,7;28,8;55,9;56,0;56,1;56,2;84,5;58,7
Nova Alvorada;0,0;0,0;95,3;93,8;92,4;90,8;90,5;0,0;100,0;100,0;100,0;100,0;100,0;100,0;100,0;100,0;100,0;99,8;99,1;96,2
Nova Araçá;0,0;0,0;0,0;0,0;0,0;0,0;0,0;98,3;91,4;86,3;84,7;86,2;85,0;83,8;80,4;79,5;78,7;77,9;77,2;73,6
Nova Bassano;0,0;0,0;0,0;0,0;0,0;0,0;0,0;0,0;0,0;0,0;0,0;0,0;77,4;76,7;0,0;73,3;72,8;100,0;100,0;100,0
Nova Boa Vista;0,0;0,0;0,0;0,0;101,7;102,8;101,3;100,0;100,0;100,0;100,0;100,0;100,0;100,0;100,0;100,0;100,0;100,0;100,0;100,0
Nova Bréscia;0,0;0,0;0,0;0,0;0,0;0,0;0,0;0,0;0,0;0,0;0,0;0,0;0,0;0,0;100,0;100,0;100,0;100,0;100,0;100,0
Nova Candelária;0,0;0,0;0,0;0,0;0,0;0,0;0,0;0,0;0,0;100,0;100,0;100,0;100,0;75,8;100,0;100,0;100,0;100,0;100,0;100,0
Nova Esperança do Sul;0,0;0,0;81,4;79,7;78,2;76,8;75,6;79,8;72,3;68,0;66,6;100,0;100,0;100,0;100,0;100,0;100,0;100,0;100,0;100,0
Nova Hartz;0,0;0,0;0,0;0,0;0,0;0,0;0,0;0,0;20,7;19,7;38,8;37,6;55,7;54,9;52,8;69,6;68,9;85,3;84,5;64,7
Nova Pádua;0,0;0,0;0,0;0,0;0,0;0,0;0,0;0,0;0,0;0,0;0,0;0,0;0,0;0,0;0,0;0,0;0,0;0,0;0,0;0,0
Nova Palma;0,0;0,0;0,0;0,0;53,5;53,4;98,7;100,0;100,0;100,0;100,0;100,0;100,0;100,0;100,0;100,0;100,0;100,0;100,0;100,0
Nova Petrópolis;0,0;0,0;0,0;19,2;18,9;18,6;18,4;70,7;77,8;100,0;100,0;100,0;100,0;100,0;100,0;100,0;100,0;100,0;100,0;100,0
Nova Prata;0,0;0,0;0,0;0,0;0,0;0,0;31,5;16,6;77,5;72,7;56,9;60,4;74,4;73,4;70,4;69,6;68,8;68,1;67,5;64,2
Nova Ramada;0,0;0,0;100,7;100,6;100,7;101,6;99,6;0,0;100,0;100,0;100,0;100,0;100,0;100,0;100,0;100,0;100,0;100,0;100,0;100,0
Nova Roma do Sul;0,0;0,0;0,0;0,0;0,0;0,0;0,0;0,0;0,0;93,5;91,9;100,0;100,0;100,0;98,0;97,4;96,8;96,3;95,8;94,2
Nova Santa Rita;0,0;0,0;0,0;0,0;0,0;0,0;0,0;0,0;0,0;0,0;0,0;0,0;0,0;0,0;0,0;68,2;67,1;66,1;78,3;72,2
Novo Cabrais;0,0;0,0;93,5;92,4;96,3;95,4;96,4;100,0;100,0;100,0;100,0;100,0;100,0;100,0;100,0;100,0;100,0;100,0;100,0;100,0
Novo Hamburgo;0,0;0,0;0,0;0,0;0,0;0,0;0,0;0,0;0,0;0,0;0,0;17,3;20,2;27,4;30,6;50,0;58,3;59,6;60,8;60,2
Novo Machado;0,0;0,0;101,2;101,6;101,8;103,5;99,6;100,0;100,0;100,0;100,0;100,0;100,0;100,0;100,0;100,0;100,0;100,0;100,0;100,0
Novo Tiradentes;0,0;0,0;0,0;0,0;101,3;101,7;102,4;100,0;0,0;100,0;100,0;100,0;100,0;100,0;100,0;100,0;100,0;100,0;100,0;100,0
Novo Xingu;**;0,0;0,0;99,1;98,9;99,1;97,6;100,0;100,0;100,0;100,0;100,0;100,0;100,0;100,0;100,0;100,0;100,0;100,0;100,0
Novo Barreiro;88,5;87,9;87,4;86,9;86,4;85,9;85,5;92,0;100,0;100,0;100,0;100,0;100,0;100,0;100,0;100,0;100,0;82,7;100,0;100,0
Osório;37,9;37,1;45,5;44,8;52,8;43,4;51,4;67,9;61,5;67,1;66,3;67,5;66,9;66,3;69,4;66,9;68,4;58,9;62,1;60,6
Paim Filho;0,0;71,8;72,8;100,6;100,6;101,7;98,8;0,0;100,0;100,0;100,0;81,3;100,0;100,0;80,7;100,0;100,0;100,0;100,0;100,0
Palmares do Sul;0,0;0,0;0,0;31,2;62,1;61,9;61,7;55,9;60,4;58,0;57,5;62,9;31,4;31,4;100,0;100,0;90,7;90,5;90,4;91,5
Palmeira das Missões;0,0;0,0;0,0;0,0;0,0;0,0;0,0;0,0;20,4;20,0;20,2;50,3;50,5;50,7;68,8;68,9;69,1;79,1;99,0;100,0
Palmitinho;0,0;0,0;0,0;0,0;97,7;97,5;97,4;97,9;99,9;96,9;96,7;99,7;99,7;92,3;100,0;100,0;100,0;100,0;100,0;100,0
Panambi;0,0;0,0;10,0;9,8;48,0;66,0;65,0;69,0;75,9;81,2;88,9;99,7;98,6;100,0;100,0;100,0;100,0;99,8;99,1;95,9
Pantano Grande;0,0;0,0;0,0;0,0;0,0;0,0;0,0;29,5;35,1;34,8;35,2;34,9;35,2;35,5;34,4;69,1;69,5;69,8;70,1;74,4
Paraí;0,0;0,0;0,0;96,7;96,6;95,1;98,2;100,0;100,0;100,0;98,9;100,0;100,0;99,5;95,8;95,1;94,4;93,8;93,2;91,0
Paraíso do Sul;0,0;0,0;0,0;99,6;100,0;99,6;102,0;100,0;93,9;0,0;0,0;0,0;0,0;0,0;0,0;45,2;45,1;45,0;44,9;45,4
Pareci Novo;0,0;0,0;0,0;98,3;98,5;97,5;98,4;96,3;100,0;100,0;100,0;98,3;97,7;97,1;93,6;93,1;92,6;92,2;91,8;90,5
Parobé;0,0;0,0;0,0;0,0;0,0;6,9;34,1;31,8;35,4;0,0;0,0;0,0;0,0;0,0;0,0;31,3;56,0;61,7;61,3;59,8
Passa Sete;0,0;0,0;95,5;94,0;92,4;91,3;89,4;100,0;69,1;100,0;100,0;66,9;66,4;66,1;100,0;100,0;100,0;100,0;100,0;100,0
Passo do Sobrado;0,0;0,0;0,0;96,3;95,7;94,7;95,0;100,0;100,0;100,0;0,0;100,0;100,0;100,0;100,0;100,0;100,0;100,0;100,0;100,0
Passo Fundo;8,1;8,0;7,9;7,8;13,4;28,5;28,2;0,0;26,4;27,8;27,6;28,0;27,8;27,6;26,6;26,5;26,3;22,7;17,4;25,6
Paulo Bento;**;0,0;99,6;100,2;101,0;100,4;104,2;100,0;100,0;100,0;100,0;100,0;100,0;100,0;100,0;100,0;100,0;100,0;100,0;100,0
Paverama;0,0;0,0;0,0;86,4;85,9;85,3;84,8;84,7;90,6;88,0;88,0;85,8;42,8;42,6;41,2;82,0;40,9;81,6;81,3;81,6
Pedras Altas;**;0,0;103,4;106,3;109,0;0,0;0,0;0,0;0,0;0,0;100,0;100,0;100,0;100,0;100,0;100,0;100,0;100,0;100,0;100,0
Pedro Osório;0,0;84,6;0,0;0,0;100,6;0,0;0,0;0,0;0,0;0,0;0,0;0,0;0,0;88,8;86,0;86,1;86,1;86,2;86,3;89,0
Pejuçara;0,0;82,1;82,4;82,7;82,9;83,2;83,4;0,0;88,5;86,9;100,0;100,0;100,0;100,0;100,0;100,0;100,0;100,0;100,0;100,0
Pelotas;0,0;0,0;0,0;18,9;28,2;30,1;30,0;28,9;29,4;26,1;22,0;22,1;31,7;40,0;52,0;65,8;63,3;65,3;75,6;68,7
Picada Café;0,0;0,0;70,8;69,8;68,8;99,1;105,1;100,0;100,0;100,0;100,0;100,0;100,0;100,0;100,0;100,0;100,0;100,0;100,0;100,0
Pinhal;98,1;96,1;97,4;96,3;95,1;94,9;91,7;100,0;100,0;100,0;100,0;100,0;100,0;100,0;100,0;100,0;100,0;100,0;100,0;100,0
Pinhal da Serra;**;0,0;0,0;0,0;0,0;0,0;0,0;0,0;0,0;100,0;100,0;100,0;100,0;100,0;100,0;100,0;100,0;100,0;100,0;100,0
Pinhal Grande;0,0;0,0;101,4;103,1;104,7;105,1;110,1;100,0;100,0;100,0;100,0;100,0;100,0;100,0;100,0;100,0;100,0;100,0;100,0;100,0
Pinheirinho do Vale;0,0;0,0;0,0;78,9;78,1;77,4;76,7;93,7;78,2;75,0;74,4;76,7;76,3;75,9;73,2;72,8;72,5;72,1;71,8;71,3
Pinheiro Machado;0,0;0,0;50,6;50,9;76,7;77,0;103,2;94,5;100,0;100,0;100,0;100,0;100,0;100,0;100,0;100,0;100,0;100,0;100,0;100,0
Pinto Bandeira;**;**;**;**;**;**;**;**;**;**;**;**;**;0,0;0,0;100,0;100,0;100,0;100,0;98,8
Pirapó;0,0;0,0;101,6;102,3;102,8;104,6;101,4;100,0;100,0;100,0;100,0;100,0;100,0;100,0;100,0;100,0;100,0;100,0;100,0;100,0
Piratini;0,0;17,5;17,4;17,3;17,3;17,2;17,1;16,7;17,1;16,4;16,3;17,4;17,4;17,3;16,7;33,4;50,0;49,9;66,3;66,9
Planalto;0,0;0,0;0,0;0,0;98,8;99,3;96,8;100,0;100,0;100,0;100,0;100,0;0,0;99,5;100,0;100,0;100,0;100,0;100,0;100,0
Poço das Antas;0,0;0,0;0,0;0,0;0,0;0,0;0,0;0,0;0,0;0,0;0,0;0,0;0,0;0,0;0,0;0,0;0,0;0,0;0,0;0,0
Pontão;0,0;87,6;97,2;95,9;94,4;94,3;96,6;0,0;100,0;85,6;100,0;100,0;100,0;100,0;100,0;100,0;100,0;100,0;100,0;100,0
Ponte Preta;0,0;0,0;0,0;102,9;103,8;105,2;105,1;100,0;100,0;100,0;100,0;100,0;100,0;100,0;100,0;100,0;100,0;100,0;100,0;100,0
Portão;0,0;0,0;0,0;0,0;12,2;11,9;11,7;12,1;12,1;22,8;22,4;22,3;22,0;21,7;20,8;51,3;50,7;50,2;49,7;47,2
Porto Alegre;7,3;7,5;12,9;15,3;15,4;16,3;21,8;19,9;22,6;22,9;22,8;23,7;31,5;33,1;40,2;41,8;46,2;46,4;54,7;54,2
Porto Lucena;0,0;0,0;0,0;0,0;102,5;104,0;101,7;100,0;100,0;100,0;100,0;100,0;100,0;100,0;100,0;100,0;100,0;100,0;100,0;100,0
Porto Mauá;0,0;106,3;100,4;100,8;101,1;101,9;100,8;0,0;100,0;100,0;100,0;100,0;100,0;100,0;100,0;100,0;100,0;100,0;100,0;100,0
Porto Vera Cruz;0,0;0,0;0,0;0,0;0,0;0,0;0,0;0,0;0,0;0,0;0,0;0,0;0,0;0,0;0,0;100,0;100,0;100,0;100,0;100,0
Porto Xavier;0,0;0,0;0,0;0,0;0,0;0,0;94,0;91,0;95,3;92,9;100,0;100,0;100,0;100,0;95,8;64,0;100,0;100,0;96,6;67,0
Pouso Novo;0,0;0,0;0,0;0,0;0,0;0,0;107,9;100,0;100,0;100,0;100,0;100,0;100,0;0,0;100,0;100,0;100,0;100,0;100,0;100,0
Presidente Lucena;0,0;0,0;0,0;0,0;0,0;0,0;0,0;0,0;0,0;0,0;0,0;0,0;0,0;0,0;0,0;0,0;0,0;0,0;0,0;0,0
Progresso;0,0;0,0;0,0;0,0;96,7;96,6;94,4;100,0;100,0;53,8;100,0;100,0;100,0;100,0;100,0;100,0;100,0;54,1;100,0;100,0
Protásio Alves;0,0;0,0;0,0;0,0;0,0;0,0;94,5;0,0;100,0;100,0;100,0;100,0;100,0;100,0;100,0;100,0;100,0;100,0;100,0;100,0
Putinga;0,0;0,0;0,0;98,6;98,0;98,6;94,8;100,0;100,0;100,0;100,0;100,0;100,0;100,0;100,0;100,0;100,0;100,0;100,0;87,3
Quaraí;0,0;0,0;0,0;0,0;0,0;0,0;0,0;0,0;45,9;45,0;45,2;45,0;60,1;60,3;87,6;87,7;87,8;87,9;88,0;90,9
Quatro Irmãos;**;0,0;100,3;101,2;102,3;101,9;106,6;100,0;100,0;100,0;100,0;100,0;100,0;100,0;100,0;100,0;100,0;100,0;100,0;100,0
Quevedos;0,0;90,2;97,8;97,5;96,9;96,6;95,5;100,0;100,0;100,0;100,0;100,0;100,0;100,0;100,0;100,0;100,0;100,0;0,0;100,0
Quinze de Novembro;0,0;0,0;0,0;94,1;93,6;93,2;92,9;93,4;96,9;94,0;93,8;94,4;94,3;80,0;90,9;90,7;90,5;90,3;90,2;91,1
Redentora;0,0;0,0;0,0;0,0;71,2;70,0;68,9;100,0;71,9;68,6;67,8;67,5;66,8;66,2;95,4;94,6;93,9;93,2;100,0;89,8
Relvado;0,0;0,0;0,0;0,0;0,0;0,0;0,0;100,0;100,0;100,0;100,0;100,0;100,0;100,0;100,0;100,0;100,0;100,0;100,0;100,0
Restinga Seca;41,7;41,8;41,9;41,9;42,0;42,0;42,1;40,0;44,2;43,3;43,4;43,5;43,7;43,6;42,2;42,2;42,2;63,4;63,4;65,4
Rio dos Índios;0,0;0,0;0,0;0,0;81,2;83,2;85,2;86,1;82,1;81,3;82,3;95,4;83,0;84,9;97,7;99,3;100,0;100,0;100,0;100,0
Rio Grande;0,0;5,4;7,2;7,1;17,7;26,3;36,5;38,5;40,8;44,1;45,7;45,5;41,1;46,2;45,5;48,7;54,1;43,0;58,3;61,0
Rio Pardo;0,0;0,0;0,0;0,0;9,0;9,0;26,9;18,2;27,5;26,6;26,5;27,5;27,5;27,6;35,5;35,5;35,4;35,4;35,4;36,0
Riozinho;0,0;0,0;0,0;81,4;80,7;80,0;79,4;75,4;78,3;74,8;100,0;100,0;100,0;100,0;0,0;100,0;100,0;100,0;100,0;100,0
Roca Sales;0,0;0,0;0,0;0,0;34,7;34,2;33,8;36,8;34,8;33,3;33,0;0,0;0,0;33,1;31,8;63,3;62,9;62,5;62,2;61,1
Rodeio Bonito;91,6;89,7;98,1;97,4;96,7;96,5;94,7;100,0;100,0;100,0;100,0;100,0;100,0;100,0;100,0;100,0;100,0;100,0;100,0;100,0
Rolador;**;0,0;0,0;101,6;102,2;103,2;102,3;100,0;100,0;100,0;100,0;100,0;100,0;100,0;100,0;100,0;100,0;100,0;100,0;100,0
Rolante;0,0;0,0;0,0;0,0;0,0;71,8;71,1;0,0;89,8;100,0;100,0;100,0;100,0;100,0;100,0;100,0;100,0;100,0;98,9;100,0
Ronda Alta;68,1;67,8;67,4;67,1;66,8;33,3;66,3;73,0;71,5;69,8;69,9;67,5;67,4;100,0;97,5;97,3;97,1;97,0;96,8;97,8
Rondinha;0,0;0,0;0,0;0,0;0,0;0,0;59,1;64,4;60,8;59,7;60,1;62,5;63,0;100,0;100,0;100,0;100,0;100,0;100,0;100,0
Roque Gonzales;0,0;0,0;0,0;0,0;0,0;0,0;0,0;0,0;94,6;92,8;93,3;95,8;96,4;97,0;100,0;100,0;100,0;100,0;95,2;100,0
Rosário do Sul;0,0;0,0;0,0;0,0;33,5;42,0;42,0;41,6;42,6;41,4;41,3;43,4;43,6;43,7;42,3;42,3;42,3;33,9;42,4;43,6
Sagrada Família;103,8;103,4;98,3;97,6;97,0;96,9;94,7;100,0;100,0;100,0;100,0;100,0;100,0;100,0;100,0;100,0;100,0;100,0;100,0;100,0
Saldanha Marinho;0,0;0,0;0,0;101,4;101,9;102,8;102,3;100,0;100,0;100,0;100,0;100,0;100,0;100,0;100,0;100,0;100,0;100,0;100,0;100,0
Salto do Jacuí;0,0;0,0;0,0;0,0;28,9;28,8;0,0;0,0;0,0;27,2;27,0;29,0;29,0;28,9;55,8;100,0;100,0;100,0;100,0;100,0
Salvador das Missões;0,0;0,0;98,1;97,5;96,9;96,7;95,2;100,0;100,0;100,0;100,0;100,0;100,0;100,0;100,0;100,0;100,0;100,0;100,0;100,0
Salvador do Sul;0,0;96,6;95,3;93,9;92,8;91,0;91,9;0,0;100,0;98,1;96,3;100,0;100,0;100,0;48,0;95,2;94,3;93,5;92,8;89,6
Sananduva;46,4;46,0;68,5;68,0;90,0;89,4;88,9;23,1;93,8;90,9;90,7;89,8;71,6;80,3;77,5;55,8;77,0;55,4;76,5;85,1
Santa Bárbara do Sul;0,0;0,0;0,0;0,0;0,0;0,0;0,0;0,0;0,0;0,0;0,0;0,0;0,0;39,9;38,7;39,0;39,2;39,5;39,7;42,6
Santa Cecília do Sul;**;0,0;100,3;100,9;101,7;101,9;103,9;0,0;100,0;100,0;0,0;100,0;100,0;100,0;100,0;100,0;100,0;100,0;100,0;100,0
Santa Clara do Sul;0,0;0,0;67,6;66,0;94,1;92,3;94,7;100,0;100,0;100,0;100,0;100,0;100,0;100,0;100,0;100,0;100,0;100,0;100,0;100,0
Santa Cruz do Sul;12,7;12,5;12,3;12,2;18,0;20,8;26,4;25,9;26,8;28,5;28,2;29,1;31,8;31,6;36,0;38,5;49,3;59,9;70,4;69,3
Santa Maria;0,0;0,0;0,0;0,0;12,1;21,3;21,1;20,4;18,3;20,7;20,5;19,8;21,0;20,9;20,2;20,1;17,5;19,9;26,0;25,8
Santa Maria do Herval;98,6;99,9;99,5;100,1;100,9;56,4;104,0;0,0;100,0;100,0;100,0;100,0;100,0;100,0;100,0;100,0;100,0;100,0;100,0;100,0
Santa Margarida do Sul;**;0,0;0,0;0,0;0,0;0,0;0,0;0,0;0,0;0,0;0,0;0,0;0,0;0,0;0,0;0,0;100,0;100,0;100,0;0,0
Santana da Boa Vista;0,0;0,0;0,0;0,0;0,0;0,0;0,0;0,0;0,0;38,9;38,8;41,9;42,0;42,2;81,6;40,9;81,8;81,9;82,0;84,9
Sant'Ana do Livramento;0,0;0,0;0,0;0,0;0,0;0,0;0,0;0,0;0,0;0,0;0,0;0,0;0,0;0,0;28,9;41,4;45,7;45,9;46,1;48,8
Santa Rosa;57,9;57,3;61,9;61,4;60,9;60,4;60,0;59,2;64,6;67,9;73,1;80,5;80,2;84,8;81,8;81,5;81,2;80,9;80,6;80,4
Santa Tereza;0,0;0,0;97,2;95,7;93,9;94,0;88,3;100,0;100,0;100,0;100,0;100,0;100,0;100,0;100,0;100,0;100,0;100,0;100,0;100,0
Santa Vitória do Palmar;10,3;20,7;20,8;20,9;21,1;31,7;31,9;29,7;33,2;32,6;32,7;33,4;33,6;33,8;100,0;100,0;100,0;100,0;100,0;100,0
Santiago;0,0;0,0;0,0;0,0;0,0;13,7;34,2;39,8;41,8;47,3;53,9;49,2;56,3;70,5;75,0;75,0;74,9;74,9;74,9;76,7
Santo Ângelo;0,0;0,0;0,0;0,0;8,9;17,7;22,1;21,5;23,4;22,8;22,9;22,6;31,7;31,7;39,4;39,3;39,3;39,3;34,9;40,0
Santo Antônio do Palma;0,0;0,0;99,1;99,0;98,9;99,0;98,2;100,0;100,0;100,0;100,0;100,0;100,0;100,0;100,0;100,0;100,0;100,0;100,0;100,0
Santo Antônio da Patrulha;18,5;18,3;18,0;17,9;17,7;17,5;26,0;26,7;27,3;26,3;26,2;26,1;25,9;25,8;58,1;57,8;57,5;57,3;65,2;64,7
Santo Antônio das Missões;0,0;0,0;0,0;0,0;28,3;28,6;57,7;55,2;58,2;57,1;57,4;61,6;62,2;62,8;91,5;79,8;30,9;93,2;93,7;100,0
Santo Antônio do Planalto;0,0;0,0;0,0;0,0;98,4;98,2;98,0;100,0;100,0;100,0;100,0;100,0;100,0;100,0;100,0;100,0;100,0;100,0;100,0;100,0
Santo Augusto;0,0;0,0;0,0;0,0;0,0;0,0;0,0;0,0;25,3;24,8;24,9;24,7;24,8;24,8;72,1;72,1;100,0;100,0;100,0;100,0
Santo Cristo;0,0;0,0;0,0;0,0;0,0;0,0;0,0;0,0;24,2;23,6;23,7;24,0;86,6;86,8;89,9;90,0;100,0;93,6;100,0;96,5
Santo Expedito do Sul;0,0;0,0;0,0;0,0;98,6;99,2;95,9;0,0;100,0;100,0;100,0;100,0;100,0;100,0;100,0;100,0;100,0;100,0;100,0;100,0
São Borja;0,0;0,0;42,5;53,3;69,5;69,7;69,9;66,2;72,5;70,9;71,2;78,3;78,6;78,9;76,4;76,6;76,7;76,8;76,9;79,8
São Domingos do Sul;0,0;0,0;99,0;99,1;99,4;98,8;101,2;0,0;100,0;100,0;100,0;100,0;100,0;100,0;100,0;0,0;100,0;100,0;100,0;100,0
São Francisco de Assis;0,0;0,0;0,0;0,0;33,8;51,0;51,2;50,3;53,0;52,0;69,7;71,7;72,1;72,6;70,3;70,6;70,8;71,0;71,2;93,4
São Francisco de Paula;0,0;0,0;0,0;0,0;0,0;16,7;49,9;68,7;64,9;62,0;61,3;67,2;50,2;66,8;48,3;80,3;80,0;79,8;79,6;79,7
São Gabriel;0,0;0,0;0,0;0,0;0,0;0,0;0,0;0,0;0,0;0,0;0,0;0,0;0,0;0,0;11,0;88,0;87,9;82,3;93,2;88,9
São Jerônimo;0,0;0,0;0,0;0,0;0,0;0,0;0,0;0,0;0,0;0,0;0,0;0,0;0,0;0,0;0,0;0,0;0,0;0,0;43,6;43,0
São João da Urtiga;0,0;0,0;0,0;70,0;70,1;70,3;70,4;73,1;69,8;67,5;67,3;73,0;73,2;73,5;71,1;71,2;71,3;71,3;71,4;73,8
São João do Polêsine;0,0;0,0;0,0;0,0;0,0;103,5;107,0;100,0;100,0;100,0;100,0;100,0;100,0;100,0;100,0;100,0;100,0;100,0;100,0;100,0
São Jorge;100,2;100,5;99,3;99,8;99,9;100,0;100,2;100,0;100,0;100,0;100,0;100,0;100,0;100,0;100,0;100,0;100,0;100,0;100,0;100,0
São José das Missões;0,0;0,0;100,2;100,3;100,4;101,2;99,3;100,0;100,0;100,0;100,0;100,0;100,0;100,0;100,0;100,0;100,0;100,0;100,0;100,0
São José do Herval;0,0;0,0;102,5;104,1;105,7;107,0;109,1;100,0;100,0;100,0;100,0;100,0;100,0;100,0;100,0;100,0;100,0;100,0;100,0;100,0
São José do Hortêncio;0,0;0,0;95,3;92,9;90,8;88,8;87,1;87,2;88,8;84,1;82,7;84,3;83,2;82,1;78,9;0,0;77,3;76,6;75,9;72,8
São José do Inhacorá;0,0;0,0;100,1;100,3;100,5;101,2;99,8;100,0;100,0;100,0;100,0;100,0;100,0;100,0;100,0;100,0;100,0;100,0;100,0;99,0
São José do Norte;0,0;0,0;0,0;0,0;13,8;27,3;40,5;0,0;55,4;66,5;66,1;54,1;26,9;13,4;64,6;77,1;76,7;50,9;63,4;37,8
São José do Ouro;0,0;0,0;0,0;0,0;0,0;0,0;0,0;0,0;0,0;0,0;0,0;0,0;0,0;0,0;0,0;0,0;48,5;0,0;97,0;99,4
São José do Sul;**;0,0;95,3;94,0;93,0;91,2;92,6;100,0;100,0;100,0;100,0;100,0;100,0;100,0;100,0;100,0;100,0;100,0;100,0;100,0
São José dos Ausentes;100,6;100,2;97,8;97,5;97,3;96,5;97,7;100,0;100,0;100,0;100,0;100,0;100,0;100,0;100,0;100,0;100,0;100,0;100,0;100,0
São Leopoldo;3,5;3,5;0,0;0,0;0,0;1,6;1,6;4,9;8,3;11,5;11,4;11,3;14,4;14,3;15,3;19,8;16,6;18,0;19,4;11,7
São Lourenço do Sul;7,8;7,8;15,6;15,6;31,2;31,2;38,9;37,9;40,7;47,6;55,7;56,0;72,1;72,2;77,5;85,2;92,9;92,9;100,0;100,0
São Luiz Gonzaga;0,0;0,0;0,0;37,8;57,0;66,8;67,0;68,5;70,0;68,6;78,9;79,9;80,2;80,6;78,1;78,3;88,2;98,2;98,4;100,0
São Marcos;18,1;17,9;17,7;17,5;34,7;34,4;34,2;32,5;35,1;33,8;33,6;34,3;34,2;34,0;49,2;49,0;48,8;48,6;48,4;48,3
São Martinho;0,0;0,0;0,0;0,0;0,0;56,3;56,7;0,0;58,9;58,0;58,4;100,0;100,0;100,0;100,0;100,0;100,0;100,0;100,0;100,0
São Martinho da Serra;0,0;0,0;99,6;100,0;100,4;100,3;101,8;100,0;100,0;97,2;96,4;100,0;100,0;100,0;100,0;100,0;100,0;100,0;100,0;100,0
São Miguel das Missões;0,0;0,0;0,0;0,0;0,0;0,0;100,1;100,0;100,0;100,0;100,0;100,0;100,0;100,0;100,0;100,0;100,0;100,0;100,0;100,0
São Nicolau;0,0;0,0;100,5;100,9;101,2;102,1;101,4;100,0;100,0;100,0;100,0;100,0;100,0;100,0;100,0;100,0;100,0;100,0;100,0;64,8
São Paulo das Missões;0,0;0,0;0,0;0,0;98,0;99,0;93,7;100,0;100,0;100,0;51,0;100,0;100,0;0,0;0,0;100,0;100,0;100,0;100,0;100,0
São Pedro da Serra;0,0;0,0;97,4;97,7;98,1;96,4;102,1;100,0;100,0;100,0;0,0;100,0;100,0;100,0;98,0;97,1;96,3;95,5;94,8;91,8
São Pedro das Missões;**;0,0;0,0;0,0;95,2;94,5;93,3;100,0;100,0;100,0;100,0;100,0;100,0;100,0;100,0;100,0;100,0;100,0;100,0;100,0
São Pedro do Butiá;0,0;104,6;98,6;98,4;98,1;97,8;97,7;100,0;100,0;100,0;100,0;100,0;100,0;100,0;100,0;100,0;100,0;100,0;100,0;100,0
São Pedro do Sul;0,0;0,0;0,0;0,0;0,0;0,0;20,4;61,3;83,1;80,8;80,8;84,3;84,6;84,8;82,1;82,1;100,0;100,0;41,2;100,0
São Sebastião do Caí;0,0;0,0;0,0;0,0;16,3;16,1;0,0;15,5;16,9;16,3;16,2;47,2;46,8;46,5;74,6;70,4;83,9;83,4;69,1;81,3
São Sepé;0,0;0,0;0,0;0,0;28,0;42,0;56,1;55,8;58,0;56,6;56,7;58,0;58,1;58,3;56,4;56,4;84,7;84,8;84,8;72,8
São Valentim;0,0;84,4;85,4;86,4;100,1;101,1;97,9;100,0;100,0;100,0;100,0;100,0;100,0;100,0;100,0;94,7;100,0;100,0;100,0;100,0
São Valentim do Sul;0,0;0,0;0,0;0,0;93,9;93,6;89,6;100,0;100,0;100,0;100,0;100,0;100,0;100,0;100,0;100,0;100,0;100,0;100,0;100,0
São Valério do Sul;91,6;89,6;98,3;97,8;97,4;97,1;96,5;0,0;100,0;100,0;100,0;100,0;100,0;100,0;100,0;100,0;100,0;100,0;100,0;100,0
São Vendelino;0,0;0,0;96,4;95,5;95,0;93,4;95,7;100,0;100,0;100,0;100,0;100,0;0,0;100,0;100,0;100,0;100,0;100,0;100,0;100,0
São Vicente do Sul;0,0;40,9;40,7;40,5;40,4;40,2;40,1;38,8;41,3;39,9;39,8;40,9;40,8;40,8;100,0;100,0;78,5;100,0;39,1;39,6
Sapiranga;0,0;0,0;0,0;0,0;0,0;0,0;0,0;0,0;0,0;13,4;13,3;13,8;13,7;27,3;26,3;26,2;30,4;30,2;30,1;29,7
Sapucaia do Sul;0,0;0,0;0,0;0,0;0,0;5,3;13,1;12,7;28,2;27,4;27,3;26,3;34,1;36,5;47,8;47,6;44,9;49,7;56,9;56,6
Sarandi;0,0;0,0;0,0;17,6;17,2;33,8;16,6;34,9;33,8;32,1;47,4;48,6;48,1;47,6;45,7;45,3;44,9;44,6;44,2;42,8
Seberi;0,0;0,0;0,0;0,0;0,0;0,0;30,5;33,6;31,7;93,0;93,3;95,0;95,3;95,6;92,5;92,6;100,0;100,0;100,0;100,0
Sede Nova;103,3;102,0;98,0;97,2;96,1;96,5;91,5;0,0;100,0;100,0;100,0;100,0;100,0;100,0;95,3;0,0;95,8;95,9;96,2;100,0
Segredo;0,0;0,0;0,0;0,0;96,3;0,0;95,1;50,1;100,0;100,0;100,0;96,4;96,1;97,4;94,0;93,7;93,4;100,0;100,0;93,3
Selbach;0,0;0,0;0,0;0,0;0,0;0,0;0,0;0,0;0,0;0,0;0,0;0,0;0,0;0,0;67,5;67,3;67,2;67,1;67,0;67,7
Senador Salgado Filho;0,0;96,3;98,9;98,7;98,3;98,5;96,9;100,0;100,0;100,0;100,0;100,0;100,0;100,0;100,0;100,0;100,0;100,0;100,0;100,0
Sentinela do Sul;0,0;0,0;0,0;0,0;0,0;0,0;0,0;0,0;0,0;0,0;0,0;0,0;0,0;0,0;0,0;0,0;62,9;0,0;62,4;62,1
Serafina Corrêa;0,0;0,0;0,0;27,9;54,1;52,5;51,1;54,4;51,3;48,0;46,8;48,4;47,6;46,7;89,6;88,4;87,3;86,2;85,3;80,2
Sério;0,0;0,0;101,3;101,9;102,3;103,9;101,1;100,0;100,0;100,0;100,0;100,0;100,0;100,0;100,0;100,0;100,0;100,0;100,0;100,0
Sertão;0,0;0,0;0,0;48,3;98,2;99,7;101,2;0,0;100,0;100,0;100,0;100,0;100,0;100,0;100,0;100,0;100,0;100,0;56,9;100,0
Sertão Santana;0,0;0,0;0,0;0,0;0,0;0,0;0,0;0,0;0,0;0,0;0,0;0,0;0,0;0,0;0,0;0,0;0,0;0,0;54,6;53,6
Sete de Setembro;101,8;101,2;99,8;99,7;99,3;100,2;96,9;100,0;100,0;100,0;100,0;100,0;100,0;100,0;100,0;100,0;100,0;100,0;100,0;100,0
Severiano de Almeida;0,0;83,0;83,6;84,1;84,6;85,1;85,6;87,4;88,3;86,5;87,0;89,8;90,4;90,9;88,1;88,4;88,7;88,9;89,2;93,6
Silveira Martins;99,6;100,7;100,6;101,8;102,8;103,1;105,7;0,0;0,0;0,0;0,0;0,0;0,0;0,0;0,0;100,0;0,0;100,0;100,0;100,0
Sinimbu;0,0;0,0;0,0;0,0;0,0;0,0;0,0;0,0;33,4;32,3;32,2;34,3;34,3;34,3;66,4;66,4;66,3;66,3;99,4;100,0
Sobradinho;0,0;0,0;48,7;24,2;72,2;71,8;71,5;71,5;73,1;70,5;70,2;72,5;72,3;48,1;69,6;69,4;69,3;69,1;68,9;46,2
Soledade;0,0;0,0;0,0;0,0;45,3;56,5;56,3;67,0;69,2;66,9;66,7;68,9;68,8;68,8;66,5;66,3;66,2;66,1;66,0;57,9
Tabaí;0,0;84,1;91,7;89,9;88,2;86,7;85,3;84,4;85,3;80,8;79,5;83,5;82,6;81,8;100,0;100,0;100,0;100,0;100,0;100,0
Tapejara;22,6;23,0;43,9;42,2;40,7;39,4;57,3;0,0;59,1;55,4;54,1;53,8;52,7;68,9;66,0;65,0;64,1;79,1;78,1;72,9
Tapera;0,0;0,0;0,0;96,8;96,7;96,6;96,5;0,0;99,0;96,1;95,9;99,1;99,1;99,2;95,9;100,0;100,0;100,0;100,0;100,0
Tapes;0,0;0,0;0,0;41,4;41,2;61,5;81,6;76,8;83,3;80,5;80,2;83,0;82,9;82,7;20,0;79,7;59,6;79,4;79,2;79,9
Taquara;0,0;0,0;0,0;0,0;0,0;0,0;0,0;0,0;0,0;0,0;0,0;0,0;6,3;6,3;6,1;42,3;66,3;66,1;71,9;72,3
Taquari;0,0;0,0;0,0;0,0;13,0;26,0;25,9;24,1;26,8;26,0;25,9;26,4;26,4;26,4;25,5;51,0;45,8;45,7;50,7;46,3
Taquaruçu do Sul;104,7;104,2;97,6;96,9;96,0;95,6;93,8;100,0;100,0;100,0;100,0;100,0;100,0;100,0;100,0;100,0;100,0;100,0;100,0;100,0
Tavares;0,0;0,0;0,0;0,0;0,0;0,0;0,0;0,0;0,0;0,0;0,0;0,0;0,0;0,0;62,3;62,2;62,1;62,0;62,0;63,0
Tenente Portela;0,0;0,0;0,0;0,0;0,0;0,0;24,2;25,8;74,4;72,5;72,6;50,3;100,0;100,0;98,0;98,2;98,3;98,4;98,5;100,0
Terra de Areia;29,9;77,7;38,1;37,3;36,7;72,2;71,2;75,0;71,1;67,4;66,4;100,0;100,0;100,0;65,9;65,4;32,4;51,5;64,0;62,2
Teutônia;0,0;0,0;0,0;0,0;0,0;0,0;0,0;0,0;0,0;0,0;0,0;25,3;37,3;36,7;35,2;34,7;34,3;33,9;33,6;31,7
Tio Hugo;**;0,0;0,0;0,0;92,1;90,9;88,8;0,0;100,0;100,0;100,0;100,0;100,0;100,0;100,0;100,0;100,0;100,0;100,0;100,0
Tiradentes do Sul;0,0;0,0;0,0;0,0;0,0;49,1;49,7;100,0;99,6;98,0;98,7;100,0;100,0;100,0;100,0;100,0;100,0;100,0;100,0;100,0
Toropi;0,0;97,6;100,8;101,0;101,5;102,1;102,3;100,0;100,0;100,0;100,0;0,0;100,0;0,0;97,5;97,9;98,2;98,5;98,8;100,0
Torres;11,1;10,9;32,0;31,5;41,4;51,0;50,4;39,5;53,3;51,2;50,8;59,7;59,2;58,8;56,6;56,2;55,8;55,4;55,1;62,9
Tramandaí;0,0;0,0;0,0;0,0;37,5;36,3;35,3;44,1;43,2;40,2;39,2;41,5;40,7;40,0;38,3;37,7;37,2;29,4;36,3;34,0
Travesseiro;0,0;0,0;0,0;0,0;0,0;0,0;93,2;100,0;100,0;100,0;100,0;100,0;100,0;100,0;100,0;100,0;0,0;0,0;0,0;0,0
Três Arroios;101,4;102,0;100,4;101,0;101,3;102,1;101,3;100,0;100,0;100,0;100,0;100,0;100,0;100,0;100,0;100,0;100,0;100,0;100,0;100,0
Três Cachoeiras;0,0;0,0;0,0;0,0;0,0;0,0;0,0;0,0;0,0;0,0;31,3;33,8;100,0;100,0;100,0;100,0;100,0;100,0;100,0;100,0
Três Coroas;0,0;0,0;0,0;0,0;15,7;30,7;30,0;30,5;45,2;42,6;41,8;43,4;42,8;42,2;40,5;40,1;26,4;13,1;38,9;37,2
Três de Maio;0,0;0,0;14,2;42,5;56,6;56,6;70,7;85,4;88,7;86,5;86,6;87,2;87,4;87,5;84,6;98,7;98,6;98,6;98,6;100,0
Três Forquilhas;0,0;0,0;0,0;0,0;0,0;0,0;104,5;100,0;100,0;100,0;100,0;100,0;100,0;100,0;99,3;99,8;100,0;100,0;0,0;100,0
Três Palmeiras;74,1;74,4;98,8;98,5;98,0;98,3;95,7;100,0;100,0;100,0;100,0;100,0;100,0;79,4;100,0;100,0;100,0;100,0;100,0;100,0
Três Passos;41,7;41,7;41,7;41,8;69,6;69,7;69,7;89,4;88,2;86,3;86,6;100,0;100,0;100,0;100,0;100,0;100,0;100,0;100,0;100,0
Trindade do Sul;57,8;57,8;96,8;95,7;94,1;94,1;89,0;100,0;100,0;100,0;100,0;100,0;100,0;100,0;100,0;100,0;100,0;100,0;100,0;100,0
Triunfo;0,0;0,0;0,0;0,0;56,6;94,6;0,0;95,4;100,0;96,2;100,0;93,6;100,0;91,7;25,2;37,4;99,0;98,3;85,4;94,5
Tucunduva;103,8;104,1;99,5;99,5;99,3;99,8;98,0;100,0;100,0;100,0;100,0;100,0;100,0;100,0;100,0;100,0;100,0;100,0;100,0;100,0
Tunas;101,9;79,0;97,9;97,3;96,7;77,5;95,3;0,0;100,0;100,0;100,0;100,0;100,0;100,0;100,0;100,0;100,0;100,0;100,0;100,0
Tupanci do Sul;0,0;0,0;0,0;0,0;0,0;0,0;91,4;0,0;100,0;100,0;100,0;100,0;100,0;100,0;100,0;100,0;100,0;100,0;100,0;100,0
Tupanciretã;81,7;48,5;48,0;47,5;47,0;46,6;46,3;46,8;45,9;43,9;43,4;46,5;46,2;46,0;44,4;44,2;44,0;43,8;43,7;43,4
Tupandi;0,0;0,0;93,3;91,6;90,3;87,6;90,6;100,0;95,7;89,8;87,8;87,9;86,3;84,8;81,2;80,1;79,0;78,0;77,1;72,4
Tuparendi;0,0;0,0;0,0;0,0;37,4;37,7;76,0;74,3;78,5;77,2;77,8;80,6;100,0;100,0;100,0;100,0;100,0;100,0;81,2;100,0
Turuçu;0,0;0,0;101,1;102,3;103,6;103,9;107,2;86,9;90,1;86,8;86,3;98,0;98,3;98,7;100,0;100,0;100,0;100,0;100,0;100,0
Ubiretama;99,4;99,8;101,4;102,2;102,8;104,2;102,7;100,0;100,0;100,0;100,0;100,0;100,0;100,0;100,0;100,0;100,0;100,0;100,0;100,0
União da Serra;0,0;0,0;0,0;0,0;99,7;102,1;93,2;100,0;100,0;100,0;100,0;100,0;100,0;100,0;100,0;100,0;100,0;100,0;100,0;100,0
Unistalda;0,0;0,0;0,0;0,0;0,0;103,7;105,5;100,0;100,0;100,0;100,0;100,0;100,0;100,0;100,0;100,0;100,0;100,0;100,0;100,0
Uruguaiana;0,0;0,0;0,0;0,0;0,0;2,7;5,4;5,1;5,6;5,4;5,4;5,5;0,0;0,0;34,6;50,6;50,6;63,8;61,7;59,7
Vacaria;0,0;0,0;0,0;0,0;0,0;5,7;16,8;27,7;23,0;27,7;27,5;33,7;33,6;44,6;59,1;64,1;69,2;68,9;68,6;68,1
Vale Verde;0,0;0,0;0,0;0,0;98,2;97,3;99,6;100,0;100,0;100,0;100,0;100,0;100,0;100,0;100,0;100,0;100,0;100,0;99,7;99,2
Vale do Sol;0,0;0,0;0,0;0,0;31,3;62,2;61,8;64,8;100,0;100,0;100,0;100,0;100,0;100,0;100,0;100,0;100,0;100,0;100,0;88,2
Vale Real;78,9;76,8;96,6;96,2;96,1;94,3;98,5;100,0;100,0;100,0;100,0;100,0;100,0;100,0;100,0;100,0;100,0;100,0;100,0;100,0
Vanini;102,6;102,2;97,6;97,2;96,8;96,0;96,3;0,0;100,0;100,0;100,0;100,0;100,0;100,0;100,0;100,0;100,0;100,0;100,0;100,0
Venâncio Aires;0,0;0,0;10,9;10,8;10,7;15,8;15,7;15,4;16,1;15,4;15,3;15,7;15,6;20,7;20,0;29,8;34,6;34,4;29,4;34,0
Vera Cruz;0,0;0,0;0,0;0,0;0,0;29,5;29,2;29,0;30,4;14,6;28,8;28,8;28,5;28,3;27,2;27,0;40,3;40,0;39,8;51,8
Veranópolis;0,0;0,0;0,0;0,0;16,1;15,8;15,5;16,2;28,9;40,6;52,8;60,5;59,8;57,0;56,9;56,4;55,9;55,5;55,0;53,2
Vespasiano Correa;0,0;0,0;101,1;101,9;102,7;103,6;103,7;100,0;100,0;100,0;100,0;100,0;100,0;100,0;100,0;100,0;100,0;100,0;100,0;100,0
Viadutos;0,0;0,0;0,0;0,0;59,3;60,0;60,7;59,9;60,9;59,8;60,2;65,0;65,7;66,4;64,6;65,0;100,0;100,0;100,0;100,0
Viamão;0,0;0,0;0,0;0,0;0,0;2,9;11,4;1,3;8,2;8,0;6,6;5,8;0,0;4,1;11,9;31,6;38,3;32,7;46,2;46,2
Vicente Dutra;0,0;0,0;0,0;0,0;102,6;103,9;102,4;100,0;100,0;100,0;100,0;100,0;100,0;100,0;100,0;100,0;100,0;100,0;100,0;100,0
Victor Graeff;0,0;0,0;0,0;0,0;102,4;103,1;104,1;0,0;100,0;100,0;100,0;100,0;100,0;100,0;100,0;100,0;100,0;100,0;100,0;100,0
Vila Flores;0,0;100,1;99,4;99,9;100,5;99,9;103,6;100,0;100,0;100,0;0,0;0,0;91,2;90,9;87,8;87,5;87,2;87,0;86,7;86,9
Vila Lângaro;0,0;0,0;100,2;100,6;101,1;101,4;102,0;0,0;100,0;100,0;100,0;100,0;0,0;0,0;100,0;100,0;100,0;100,0;100,0;100,0
Vila Maria;0,0;0,0;0,0;0,0;0,0;80,4;80,2;0,0;83,0;80,4;80,3;81,7;81,7;81,6;78,8;78,7;78,5;78,4;78,3;79,3
Vila Nova do Sul;0,0;0,0;0,0;0,0;79,8;79,7;79,6;0,0;0,0;0,0;0,0;0,0;0,0;0,0;79,1;79,1;79,0;79,0;78,9;80,6
Vista Alegre;0,0;100,2;99,4;99,4;99,3;99,6;98,3;100,0;100,0;100,0;100,0;100,0;100,0;100,0;100,0;100,0;100,0;100,0;0,0;100,0
Vista Alegre do Prata;0,0;0,0;0,0;0,0;0,0;0,0;0,0;0,0;0,0;0,0;0,0;100,0;100,0;100,0;100,0;100,0;0,0;100,0;100,0;100,0
Vista Gaúcha;0,0;0,0;96,5;97,8;97,3;97,0;96,4;100,0;100,0;100,0;100,0;100,0;100,0;100,0;100,0;100,0;100,0;100,0;100,0;100,0
Vitória das Missões;86,0;87,2;88,4;89,5;90,6;91,6;92,6;94,2;94,5;93,1;93,9;99,0;100,0;100,0;98,3;99,0;99,6;100,0;100,0;100,0
Westfalia;**;0,0;0,0;98,9;99,3;98,4;101,9;100,0;100,0;100,0;100,0;100,0;100,0;100,0;100,0;100,0;100,0;100,0;100,0;100,0
Xangri-lá;41,8;38,9;73,2;69,3;87,0;83,3;88,3;100,0;97,6;90,8;88,3;83,2;81,1;79,2;100,0;98,9;97,2;95,6;94,2;86,1
Rio Grande do Sul;5,9;7,0;11,6;15,5;22,4;25,8;29,7;25,9;34,6;35,2;35,9;37,3;40,0;42,1;47,7;54,1;56,4;56,4;60,7;60,0
Sul;13,4;20,3;27,8;31,8;36,9;39,8;43,8;40,6;49,1;49,1;50,5;51,9;54,1;56,0;59,7;63,8;65,0;64,8;66,7;65,5
Brasil;14,8;20,9;29,4;33,1;37,1;40,3;44,7;41,7;50,4;50,8;52,4;53,8;55,1;56,3;59,7;61,6;62,8;62,5;64,7;63,8
** - Sem informação.;;;;;;;;;;;;;;;;;;;;
;;;;;;;;;;;;;;;;;;;;
;;;;;;;;;;;;;;;;;;;;
PROADESS - Projeto de Avaliação do Desempenho do Sistema de Saúde;;;;;;;;;;;;;;;;;;;;
URL: https://www.proadess.icict.fiocruz.br/;;;;;;;;;;;;;;;;;;;;
